site,branch,site_pos,branch_pos,q,rho,cos
layer_1_mha_output_out,layer_1_mha_output_out,1,1,1.0,Inf,NaN
layer_1_mha_output_out,layer_1_mlp_out,1,2,0.5904048283200526,1.1507446874977618,-0.23076089783556147
layer_1_mha_output_out,layer_2_mha_output_out,1,3,0.13803265541786036,0.4056220931249908,-0.01289389364101606
layer_1_mha_output_out,layer_2_mlp_out,1,4,0.3586665710410669,0.8134236371602471,-0.2856409791954
layer_1_mha_output_out,layer_3_mha_output_out,1,5,0.04412783355736527,0.2807888792037285,-0.1220096926642035
layer_1_mha_output_out,layer_3_mlp_out,1,6,0.19480504270491983,0.6486242363319737,-0.36359254109519007
layer_1_mha_output_out,layer_4_mha_output_out,1,7,0.10196176159258152,0.38726707233003815,-0.1061396152090666
layer_1_mha_output_out,layer_4_mlp_out,1,8,0.17676862987713193,0.6039080976084206,-0.31625683285648326
layer_1_mha_output_out,layer_5_mha_output_out,1,9,0.05649456594248381,0.3379370045078474,-0.170990640335261
layer_1_mha_output_out,layer_5_mlp_out,1,10,0.22796539270910343,0.6629958111960441,-0.3088105872663791
layer_1_mha_output_out,layer_6_mha_output_out,1,11,0.04351061377749976,0.3505625558777621,-0.2313228124797986
layer_1_mha_output_out,layer_6_mlp_out,1,12,0.07811373916499775,0.5552950267348125,-0.43998607211930424
layer_1_mha_output_out,layer_7_mha_output_out,1,13,0.024610069110021504,0.2641351938918606,-0.17297648983158584
layer_1_mha_output_out,layer_7_mlp_out,1,14,0.26547876006921267,0.7484738255287235,-0.41590364460403256
layer_1_mha_output_out,layer_8_mha_output_out,1,15,0.03547758044533755,0.3076843306407112,-0.1953224447613419
layer_1_mha_output_out,layer_8_mlp_out,1,16,0.24086657801980393,0.7193194970660715,-0.4075237988238555
layer_1_mha_output_out,layer_9_mha_output_out,1,17,-0.011892649156315382,0.18335588718365936,-0.2445800803784539
layer_1_mha_output_out,layer_9_mlp_out,1,18,0.014440431469467274,0.6712382532086655,-0.6590665709723177
layer_1_mha_output_out,layer_10_mha_output_out,1,19,0.025151887138610385,0.2383897153014467,-0.1336072806363361
layer_1_mha_output_out,layer_10_mlp_out,1,20,0.3358717583434845,0.8251776726738524,-0.4295244096198805
layer_1_mha_output_out,layer_11_mha_output_out,1,21,0.025646496064318347,0.31657580765876525,-0.23974163398628995
layer_1_mha_output_out,layer_11_mlp_out,1,22,0.3156126540196982,0.7423333029306212,-0.22474568050710414
layer_1_mha_output_out,layer_12_mha_output_out,1,23,-0.03237095584910521,0.22734245571176664,-0.3541611956592907
layer_1_mha_output_out,layer_12_mlp_out,1,24,0.27978686116334095,0.7054306866641706,-0.2530320151330221
layer_1_mha_output_out,layer_13_mha_output_out,1,25,-0.0019678710058956828,0.12595798767884578,-0.1412730755008149
layer_1_mha_output_out,layer_13_mlp_out,1,26,0.24183013875008885,0.6536307655990297,-0.24321857179019624
layer_1_mha_output_out,layer_14_mha_output_out,1,27,0.008984942710968835,0.1942101151406586,-0.14887640980184874
layer_1_mha_output_out,layer_14_mlp_out,1,28,0.17494769871319582,0.5236075346011196,-0.1505660749449702
layer_1_mha_output_out,layer_15_mha_output_out,1,29,-0.006342440343571232,0.09380453124299933,-0.15998347811499097
layer_1_mha_output_out,layer_15_mlp_out,1,30,0.11140261625362324,0.5144354283110388,-0.3095399356964302
layer_1_mha_output_out,layer_16_mha_output_out,1,31,-0.06825723914163473,0.3811192106214944,-0.5158140861198351
layer_1_mha_output_out,layer_16_mlp_out,1,32,0.31045877226630614,0.7260522191800375,-0.1926877138018514
layer_1_mha_output_out,layer_17_mha_output_out,1,33,-0.0010440335360910602,0.16457881776044647,-0.17073780053646245
layer_1_mha_output_out,layer_17_mlp_out,1,34,0.29403978435461353,0.6661854766483661,-0.07021304069524267
layer_1_mha_output_out,layer_18_mha_output_out,1,35,-0.01474541917759331,0.16337509620991833,-0.2487046218837391
layer_1_mha_output_out,layer_18_mlp_out,1,36,0.1988583848860359,0.579747112070899,-0.20165047073629577
layer_1_mha_output_out,layer_19_mha_output_out,1,37,-0.01949808392619401,0.1684430779630471,-0.2766921953788192
layer_1_mha_output_out,layer_19_mlp_out,1,38,0.15372636179245358,0.47599795320692717,-0.11532582983593413
layer_1_mha_output_out,layer_20_mha_output_out,1,39,-0.02405659972995422,0.2011848113275144,-0.3106527670216948
layer_1_mha_output_out,layer_20_mlp_out,1,40,0.25373311112455343,0.672308695664393,-0.2524010700879115
layer_1_mha_output_out,layer_21_mha_output_out,1,41,-0.007666830751502429,0.2355564784944478,-0.26583398074218206
layer_1_mha_output_out,layer_21_mlp_out,1,42,0.3967863520053183,0.8307161745966583,-0.11362658378593402
layer_1_mha_output_out,layer_22_mha_output_out,1,43,0.035709883038542056,0.15044668428363073,0.09938269453418913
layer_1_mha_output_out,layer_22_mlp_out,1,44,0.4204354562820163,0.8608284570461072,-0.06596976547609532
layer_1_mha_output_out,layer_23_mha_output_out,1,45,0.049990998878210346,0.16895958465894573,0.15039961129261
layer_1_mha_output_out,layer_23_mlp_out,1,46,0.42674897954083046,0.8397122839049338,0.18322370676629313
layer_1_mha_output_out,layer_24_mha_output_out,1,47,0.03907126775518055,0.21001458336702758,-0.017104933792468545
layer_1_mha_output_out,layer_24_mlp_out,1,48,0.3654969796437004,0.7363167265010584,0.1085119059396891
layer_1_mha_output_out,layer_25_mha_output_out,1,49,0.006977408814289654,0.12991771678362687,-0.07637059668685016
layer_1_mha_output_out,layer_25_mlp_out,1,50,0.3638993559881487,0.7347176137477551,0.10263400299800216
layer_1_mha_output_out,layer_26_mha_output_out,1,51,0.13566314481929598,0.3903887096273183,0.013834051766171189
layer_1_mha_output_out,layer_26_mlp_out,1,52,0.4033897705480639,0.8380926195145254,-0.09675883405343383
layer_1_mha_output_out,layer_27_mha_output_out,1,53,0.04197323907933315,0.18983213880994304,0.04283904634811396
layer_1_mha_output_out,layer_27_mlp_out,1,54,0.2634698980392043,0.792125405986095,-0.5301922614899448
layer_1_mha_output_out,layer_28_mha_output_out,1,55,0.05173381165451485,0.17391381004427572,0.14784911682159635
layer_1_mha_output_out,layer_28_mlp_out,1,56,-0.16744549612480886,0.5172371872993147,-0.6948708269013706
layer_1_mlp_out,layer_1_mha_output_out,2,1,0.0,0.0,NaN
layer_1_mlp_out,layer_1_mlp_out,2,2,1.0,Inf,NaN
layer_1_mlp_out,layer_2_mha_output_out,2,3,0.10385935369503008,0.36171390259413877,-0.04671991126311338
layer_1_mlp_out,layer_2_mlp_out,2,4,0.32776810623403585,0.7697054878396431,-0.2658765325660997
layer_1_mlp_out,layer_3_mha_output_out,2,5,0.035539585540733,0.2737281875873856,-0.14443070041845785
layer_1_mlp_out,layer_3_mlp_out,2,6,0.20832485374330956,0.64853725268446,-0.3294901514064883
layer_1_mlp_out,layer_4_mha_output_out,2,7,0.11246334110857614,0.38839233876816476,-0.07115619213564256
layer_1_mlp_out,layer_4_mlp_out,2,8,0.152242920119664,0.5811700898727843,-0.33174269354979125
layer_1_mlp_out,layer_5_mha_output_out,2,9,0.06621625249462326,0.3446171645406664,-0.14944488467010889
layer_1_mlp_out,layer_5_mlp_out,2,10,0.21341520575959738,0.648777805482078,-0.3164319091367511
layer_1_mlp_out,layer_6_mha_output_out,2,11,0.048238186559929175,0.3505366246772721,-0.2169450435489186
layer_1_mlp_out,layer_6_mlp_out,2,12,0.0554671272635634,0.5490038004802379,-0.4696163581187926
layer_1_mlp_out,layer_7_mha_output_out,2,13,0.024210456352050103,0.26091554591156857,-0.17004184881624812
layer_1_mlp_out,layer_7_mlp_out,2,14,0.28861356321610143,0.7783843903570054,-0.43273046802986265
layer_1_mlp_out,layer_8_mha_output_out,2,15,0.050087206268805695,0.3107390186265439,-0.14890396275871995
layer_1_mlp_out,layer_8_mlp_out,2,16,0.27361924851058705,0.7491711248792077,-0.39525043431139395
layer_1_mlp_out,layer_9_mha_output_out,2,17,-0.007629141269392514,0.185518622975973,-0.22462982313713956
layer_1_mlp_out,layer_9_mlp_out,2,18,0.06795842936920082,0.6777684097706339,-0.6150338859610776
layer_1_mlp_out,layer_10_mha_output_out,2,19,0.029944030375839925,0.24222746061672815,-0.11844836685911722
layer_1_mlp_out,layer_10_mlp_out,2,20,0.3250054558043046,0.8073377357610038,-0.40682450168119844
layer_1_mlp_out,layer_11_mha_output_out,2,21,0.029207605044800355,0.3249751002085886,-0.23960339887122262
layer_1_mlp_out,layer_11_mlp_out,2,22,0.3121773335579162,0.7441694655988067,-0.24586752289884442
layer_1_mlp_out,layer_12_mha_output_out,2,23,-0.03148107333856687,0.22501291365768541,-0.3499695774551296
layer_1_mlp_out,layer_12_mlp_out,2,24,0.25977768896459663,0.6910981364617222,-0.28239485008762727
layer_1_mlp_out,layer_13_mha_output_out,2,25,-0.0023999043935245545,0.12402020829828875,-0.1429824704912064
layer_1_mlp_out,layer_13_mlp_out,2,26,0.24443881423722447,0.6602678684512491,-0.25172286633073393
layer_1_mlp_out,layer_14_mha_output_out,2,27,0.013761292107659417,0.19209040816399947,-0.12114145894541745
layer_1_mlp_out,layer_14_mlp_out,2,28,0.19213064096607568,0.547326165648176,-0.1480060213943323
layer_1_mlp_out,layer_15_mha_output_out,2,29,-0.006804600368829794,0.09656314213668653,-0.16543664001160274
layer_1_mlp_out,layer_15_mlp_out,2,30,0.1180361096304905,0.5153736667069903,-0.29519912350024086
layer_1_mlp_out,layer_16_mha_output_out,2,31,-0.05879603389007082,0.3838989619292298,-0.5007423407517901
layer_1_mlp_out,layer_16_mlp_out,2,32,0.2998428858260369,0.7053176067178978,-0.17165415395086386
layer_1_mlp_out,layer_17_mha_output_out,2,33,-0.0018202251861576535,0.16125791361697622,-0.17221217370839584
layer_1_mlp_out,layer_17_mlp_out,2,34,0.2878289665970546,0.6569637825152412,-0.07010991145037847
layer_1_mlp_out,layer_18_mha_output_out,2,35,-0.007755036118723524,0.1586773173600615,-0.20559211453912085
layer_1_mlp_out,layer_18_mlp_out,2,36,0.1684981859450687,0.5349450100669365,-0.19581414805042427
layer_1_mlp_out,layer_19_mha_output_out,2,37,-0.01232340622316741,0.17359683516379082,-0.24079008853564507
layer_1_mlp_out,layer_19_mlp_out,2,38,0.15766251477072413,0.4897734361271969,-0.1323919398465034
layer_1_mlp_out,layer_20_mha_output_out,2,39,-0.028226642770821098,0.19889900713644781,-0.3279157828604854
layer_1_mlp_out,layer_20_mlp_out,2,40,0.2490593067577931,0.6535594931154044,-0.2185837398697567
layer_1_mlp_out,layer_21_mha_output_out,2,41,-0.015783295453020152,0.23848763732109113,-0.2989942974078936
layer_1_mlp_out,layer_21_mlp_out,2,42,0.402612377661166,0.8414191444170638,-0.1240472041455772
layer_1_mlp_out,layer_22_mha_output_out,2,43,0.033612301020105484,0.15147466697285342,0.08095970732885115
layer_1_mlp_out,layer_22_mlp_out,2,44,0.43163043680641466,0.880753821684666,-0.0769665088991213
layer_1_mlp_out,layer_23_mha_output_out,2,45,0.042987191416894,0.1640833101667936,0.11482621979984213
layer_1_mlp_out,layer_23_mlp_out,2,46,0.41516592356591364,0.8150784979246561,0.19256000970349238
layer_1_mlp_out,layer_24_mha_output_out,2,47,0.036770605512007726,0.21368174255839878,-0.036421867948293656
layer_1_mlp_out,layer_24_mlp_out,2,48,0.36518772513311515,0.7377799458742832,0.09876749731423788
layer_1_mlp_out,layer_25_mha_output_out,2,49,0.0037515149599453013,0.13006151189976908,-0.10149091432111744
layer_1_mlp_out,layer_25_mlp_out,2,50,0.3691253761149218,0.7461711920073205,0.09150796910557733
layer_1_mlp_out,layer_26_mha_output_out,2,51,0.1351102873520167,0.3875944761219414,0.0183072378511563
layer_1_mlp_out,layer_26_mlp_out,2,52,0.4065898105493605,0.8428331382557204,-0.09494329719481992
layer_1_mlp_out,layer_27_mha_output_out,2,53,0.04608476761088165,0.19523445035498996,0.05486841903121313
layer_1_mlp_out,layer_27_mlp_out,2,54,0.2721325959626182,0.7750441070466096,-0.4674000930452034
layer_1_mlp_out,layer_28_mha_output_out,2,55,0.049981878935702495,0.17249983880765768,0.13985250252447515
layer_1_mlp_out,layer_28_mlp_out,2,56,-0.17805471998517408,0.5118418770972493,-0.7011589701617857
layer_2_mha_output_out,layer_1_mha_output_out,3,1,0.0,0.0,NaN
layer_2_mha_output_out,layer_1_mlp_out,3,2,0.0,0.0,NaN
layer_2_mha_output_out,layer_2_mha_output_out,3,3,1.0,Inf,NaN
layer_2_mha_output_out,layer_2_mlp_out,3,4,0.31379643553595626,0.7491142482752453,-0.2555131268483177
layer_2_mha_output_out,layer_3_mha_output_out,3,5,0.03454259860750841,0.2662775399910995,-0.13680691302927703
layer_2_mha_output_out,layer_3_mlp_out,3,6,0.18525453781755108,0.6260995385934206,-0.3403147389889522
layer_2_mha_output_out,layer_4_mha_output_out,3,7,0.1091269608002059,0.38706075887018776,-0.08044101479271351
layer_2_mha_output_out,layer_4_mlp_out,3,8,0.14910732830502993,0.5775958226376785,-0.33246687357516247
layer_2_mha_output_out,layer_5_mha_output_out,3,9,0.06380572807616625,0.3446382018560265,-0.15762474112750274
layer_2_mha_output_out,layer_5_mlp_out,3,10,0.2063795396434016,0.6426844724900187,-0.32171881797971424
layer_2_mha_output_out,layer_6_mha_output_out,3,11,0.046643979805558455,0.35311789129271337,-0.22560113124985814
layer_2_mha_output_out,layer_6_mlp_out,3,12,0.05870854710629114,0.5563994848965719,-0.4738580105202892
layer_2_mha_output_out,layer_7_mha_output_out,3,13,0.022065775034073587,0.2597748590065319,-0.17690803207506284
layer_2_mha_output_out,layer_7_mlp_out,3,14,0.2844137202782703,0.7774176485290426,-0.44173781732816164
layer_2_mha_output_out,layer_8_mha_output_out,3,15,0.049046917887077046,0.31516757051248817,-0.15975925557736725
layer_2_mha_output_out,layer_8_mlp_out,3,16,0.2678455070360264,0.7453530608948432,-0.4013700529385123
layer_2_mha_output_out,layer_9_mha_output_out,3,17,-0.006002921598392996,0.18665124672166206,-0.21732371042696463
layer_2_mha_output_out,layer_9_mlp_out,3,18,0.06853589824068762,0.6822942994469657,-0.6200787868726274
layer_2_mha_output_out,layer_10_mha_output_out,3,19,0.028210964532422556,0.24449577522715554,-0.1295219288900841
layer_2_mha_output_out,layer_10_mlp_out,3,20,0.3161174923845703,0.7890238721088092,-0.3778387190959398
layer_2_mha_output_out,layer_11_mha_output_out,3,21,0.026882932875320953,0.32104490391943846,-0.24167225234412507
layer_2_mha_output_out,layer_11_mlp_out,3,22,0.30286377682322907,0.7365865231052462,-0.25953909931179076
layer_2_mha_output_out,layer_12_mha_output_out,3,23,-0.033126688614874666,0.22535686324381513,-0.3562181184479449
layer_2_mha_output_out,layer_12_mlp_out,3,24,0.2602904046476714,0.6946400065128542,-0.290182831094777
layer_2_mha_output_out,layer_13_mha_output_out,3,25,-0.0022161966185128,0.12481844761962953,-0.14222005580045807
layer_2_mha_output_out,layer_13_mlp_out,3,26,0.24378780327080785,0.6629717985647198,-0.2607753322699248
layer_2_mha_output_out,layer_14_mha_output_out,3,27,0.0166154181589655,0.1898168979196176,-0.10253645775343936
layer_2_mha_output_out,layer_14_mlp_out,3,28,0.1974079928671293,0.556673212936632,-0.15228509426575518
layer_2_mha_output_out,layer_15_mha_output_out,3,29,-0.007372992351140972,0.09709604030883065,-0.17122213632621838
layer_2_mha_output_out,layer_15_mlp_out,3,30,0.12042864914491413,0.5154712936874157,-0.2894917456782967
layer_2_mha_output_out,layer_16_mha_output_out,3,31,-0.06230110846644821,0.38227447546479687,-0.5060148347808178
layer_2_mha_output_out,layer_16_mlp_out,3,32,0.2914581189072257,0.6931031414430561,-0.16922429023643537
layer_2_mha_output_out,layer_17_mha_output_out,3,33,-0.0016744385554083863,0.1612245417485782,-0.1713065724597148
layer_2_mha_output_out,layer_17_mlp_out,3,34,0.27372284574276373,0.6405998356517618,-0.08388287216613043
layer_2_mha_output_out,layer_18_mha_output_out,3,35,-0.005269850023744915,0.1585981311520024,-0.19065219563405214
layer_2_mha_output_out,layer_18_mlp_out,3,36,0.16616973843013427,0.5329951910573878,-0.19869617956584804
layer_2_mha_output_out,layer_19_mha_output_out,3,37,-0.011317660825963749,0.1763194755264817,-0.23713573217169961
layer_2_mha_output_out,layer_19_mlp_out,3,38,0.15746633933174226,0.49226909672083813,-0.13848960789570472
layer_2_mha_output_out,layer_20_mha_output_out,3,39,-0.027508650375210886,0.201093923589285,-0.3255119902561104
layer_2_mha_output_out,layer_20_mlp_out,3,40,0.2407025017893335,0.635507128680086,-0.20012225576094356
layer_2_mha_output_out,layer_21_mha_output_out,3,41,-0.012659824269454889,0.23847237372879987,-0.2873041260378343
layer_2_mha_output_out,layer_21_mlp_out,3,42,0.39939688148288277,0.8376674576218391,-0.1307574958743452
layer_2_mha_output_out,layer_22_mha_output_out,3,43,0.031899717043635034,0.15079540731257615,0.07002554123022292
layer_2_mha_output_out,layer_22_mlp_out,3,44,0.4342938435406989,0.8855876110531227,-0.08051351821545372
layer_2_mha_output_out,layer_23_mha_output_out,3,45,0.041486530923139364,0.1635396403706174,0.10569351252804132
layer_2_mha_output_out,layer_23_mlp_out,3,46,0.41699398377789676,0.8188990446465794,0.19149131613696516
layer_2_mha_output_out,layer_24_mha_output_out,3,47,0.036930632998338764,0.21370037994230692,-0.03562455582951248
layer_2_mha_output_out,layer_24_mlp_out,3,48,0.362669021806059,0.7355386763265113,0.08841520055852001
layer_2_mha_output_out,layer_25_mha_output_out,3,49,0.00440674226341109,0.13102184345826584,-0.09767164579012902
layer_2_mha_output_out,layer_25_mlp_out,3,50,0.36790977697547234,0.7447803516008532,0.08787891014130195
layer_2_mha_output_out,layer_26_mha_output_out,3,51,0.1345509945511869,0.38232850444854755,0.028785506227578396
layer_2_mha_output_out,layer_26_mlp_out,3,52,0.40153897528873084,0.8343940945752649,-0.09200668013282418
layer_2_mha_output_out,layer_27_mha_output_out,3,53,0.04617234627911848,0.1964544481568634,0.05249192064739597
layer_2_mha_output_out,layer_27_mlp_out,3,54,0.2798080642148374,0.7817863691358989,-0.4657928063381479
layer_2_mha_output_out,layer_28_mha_output_out,3,55,0.04986109879033096,0.17484821805265535,0.13222341346435815
layer_2_mha_output_out,layer_28_mlp_out,3,56,-0.17543757770255874,0.5116469797874935,-0.6990261242341639
layer_2_mlp_out,layer_1_mha_output_out,4,1,6.996749035703687e-8,0.000374078842773297,-0.0001870394213866485
layer_2_mlp_out,layer_1_mlp_out,4,2,6.996749035703687e-8,0.000374078842773297,-0.0001870394213866485
layer_2_mlp_out,layer_2_mha_output_out,4,3,6.996749035703687e-8,0.000374078842773297,-0.0001870394213866485
layer_2_mlp_out,layer_2_mlp_out,4,4,1.0,Inf,NaN
layer_2_mlp_out,layer_3_mha_output_out,4,5,0.03788445736572954,0.256524727273162,-0.10724912448504953
layer_2_mlp_out,layer_3_mlp_out,4,6,0.18782331977270084,0.6369564369098334,-0.35628049355671076
layer_2_mlp_out,layer_4_mha_output_out,4,7,0.10610716836529077,0.39216698443721576,-0.10153645082860542
layer_2_mlp_out,layer_4_mlp_out,4,8,0.18592559153315003,0.6260771843568304,-0.3386208588004065
layer_2_mlp_out,layer_5_mha_output_out,4,9,0.07042395821205638,0.35787810672995596,-0.15817100174817833
layer_2_mlp_out,layer_5_mlp_out,4,10,0.20851081753374112,0.6559916487508735,-0.34538913175067676
layer_2_mlp_out,layer_6_mha_output_out,4,11,0.033406188148738525,0.35206778666658833,-0.26299199302057796
layer_2_mlp_out,layer_6_mlp_out,4,12,0.08299403765034619,0.585984799199919,-0.47447742469643467
layer_2_mlp_out,layer_7_mha_output_out,4,13,0.027295997187866683,0.27032113161713617,-0.17131890000307512
layer_2_mlp_out,layer_7_mlp_out,4,14,0.2805520742842046,0.781814559820825,-0.46395408801399823
layer_2_mlp_out,layer_8_mha_output_out,4,15,0.029381588138887138,0.3063320549444792,-0.21399221394459045
layer_2_mlp_out,layer_8_mlp_out,4,16,0.24125847166372616,0.7325160811729228,-0.43756891633906037
layer_2_mlp_out,layer_9_mha_output_out,4,17,0.003991715289407893,0.19614040621543413,-0.17641454734779877
layer_2_mlp_out,layer_9_mlp_out,4,18,0.1260413961257042,0.7166717325031768,-0.6023005618042321
layer_2_mlp_out,layer_10_mha_output_out,4,19,0.01336616954298353,0.23795217495453294,-0.18350553433090078
layer_2_mlp_out,layer_10_mlp_out,4,20,0.3219398038895208,0.7921031724898555,-0.3668897647350911
layer_2_mlp_out,layer_11_mha_output_out,4,21,0.015069318191995307,0.332297467632698,-0.2907024666714941
layer_2_mlp_out,layer_11_mlp_out,4,22,0.3356451058580141,0.7830261567396146,-0.27853157236873916
layer_2_mlp_out,layer_12_mha_output_out,4,23,-0.0348684387286291,0.2381534725733327,-0.36725773712952875
layer_2_mlp_out,layer_12_mlp_out,4,24,0.28400720889046116,0.7221491221128118,-0.2865211566303453
layer_2_mlp_out,layer_13_mha_output_out,4,25,-0.005761682891661124,0.1316637305546072,-0.17417583609027348
layer_2_mlp_out,layer_13_mlp_out,4,26,0.2577917196553793,0.6828350884066832,-0.2668662040884673
layer_2_mlp_out,layer_14_mha_output_out,4,27,0.017446533642608286,0.186272211913474,-0.09259172280069891
layer_2_mlp_out,layer_14_mlp_out,4,28,0.17798372164357557,0.5345306238825585,-0.16524147779579776
layer_2_mlp_out,layer_15_mha_output_out,4,29,-0.005335860745663057,0.09931913343222154,-0.15195189709934273
layer_2_mlp_out,layer_15_mlp_out,4,30,0.14421671114733248,0.5487544719980589,-0.2906369672663949
layer_2_mlp_out,layer_16_mha_output_out,4,31,-0.06630413244789946,0.38529575588237946,-0.5146782028696262
layer_2_mlp_out,layer_16_mlp_out,4,32,0.2944397814999239,0.7039602898836724,-0.19075786615784332
layer_2_mlp_out,layer_17_mha_output_out,4,33,-0.006224937644972561,0.16477248641905237,-0.20107382792793896
layer_2_mlp_out,layer_17_mlp_out,4,34,0.30065863197323994,0.6769164294435024,-0.07333275365211926
layer_2_mlp_out,layer_18_mha_output_out,4,35,-0.0009588344871438448,0.16381775094268064,-0.16950283083641832
layer_2_mlp_out,layer_18_mlp_out,4,36,0.18393837487349873,0.573419708023824,-0.23282073183836294
layer_2_mlp_out,layer_19_mha_output_out,4,37,-0.011353064911919342,0.18131495961766095,-0.24052715762976265
layer_2_mlp_out,layer_19_mlp_out,4,38,0.18659252165074025,0.5155119568620152,-0.09151906988898346
layer_2_mlp_out,layer_20_mha_output_out,4,39,-0.029238434653722445,0.20619330016198703,-0.3344647100656288
layer_2_mlp_out,layer_20_mlp_out,4,40,0.25794739732130867,0.6533909909833112,-0.18605022154011241
layer_2_mlp_out,layer_21_mha_output_out,4,41,0.006608009654394231,0.24568381791733254,-0.22007242062138876
layer_2_mlp_out,layer_21_mlp_out,4,42,0.3938787681691579,0.8260352955164857,-0.11235780434988796
layer_2_mlp_out,layer_22_mha_output_out,4,43,0.03572253188278596,0.15682487251707844,0.08245440621584504
layer_2_mlp_out,layer_22_mlp_out,4,44,0.47177126619887333,0.9499230692655407,-0.09095536108554156
layer_2_mlp_out,layer_23_mha_output_out,4,45,0.03587135273466535,0.1636524600542256,0.06615648097871013
layer_2_mlp_out,layer_23_mlp_out,4,46,0.4445594748855891,0.8737303600562848,0.21194791915373656
layer_2_mlp_out,layer_24_mha_output_out,4,47,0.037271891988106653,0.21904134775879114,-0.043997868798168104
layer_2_mlp_out,layer_24_mlp_out,4,48,0.3762105775172624,0.7545623601163991,0.11266367330914029
layer_2_mlp_out,layer_25_mha_output_out,4,49,0.013690049055606779,0.1304290055065865,-0.02434839586030352
layer_2_mlp_out,layer_25_mlp_out,4,50,0.37427653615024314,0.7560058396788997,0.08757460919112163
layer_2_mlp_out,layer_26_mha_output_out,4,51,0.12186041877502041,0.3641824845219218,0.019583461153291754
layer_2_mlp_out,layer_26_mlp_out,4,52,0.41279119070115267,0.8504046237333117,-0.08003467956232062
layer_2_mlp_out,layer_27_mha_output_out,4,53,0.05019628679730248,0.20446778747397562,0.057017116825121714
layer_2_mlp_out,layer_27_mlp_out,4,54,0.27413346662606686,0.7551554722431556,-0.40981315662069906
layer_2_mlp_out,layer_28_mha_output_out,4,55,0.05556076424650047,0.18028474400460232,0.15515665224552228
layer_2_mlp_out,layer_28_mlp_out,4,56,-0.20907825388011725,0.5057850429204473,-0.7227040379889877
layer_3_mha_output_out,layer_1_mha_output_out,5,1,0.0,0.0,NaN
layer_3_mha_output_out,layer_1_mlp_out,5,2,0.0,0.0,NaN
layer_3_mha_output_out,layer_2_mha_output_out,5,3,0.0,0.0,NaN
layer_3_mha_output_out,layer_2_mlp_out,5,4,0.0,0.0,NaN
layer_3_mha_output_out,layer_3_mha_output_out,5,5,1.0,Inf,NaN
layer_3_mha_output_out,layer_3_mlp_out,5,6,0.19316414416157612,0.633668009562741,-0.3363869241254222
layer_3_mha_output_out,layer_4_mha_output_out,5,7,0.10593750512733036,0.39480121031019216,-0.1074013626234104
layer_3_mha_output_out,layer_4_mlp_out,5,8,0.19062466583950455,0.6268295999177113,-0.32845409161910205
layer_3_mha_output_out,layer_5_mha_output_out,5,9,0.06983621963135278,0.3579685948984853,-0.1602634560670181
layer_3_mha_output_out,layer_5_mlp_out,5,10,0.2114402126406444,0.6534580136752903,-0.3322006246626749
layer_3_mha_output_out,layer_6_mha_output_out,5,11,0.034068953187261664,0.35286192921832227,-0.26215243093651247
layer_3_mha_output_out,layer_6_mlp_out,5,12,0.08437563119204705,0.5861730631294828,-0.47250734358406754
layer_3_mha_output_out,layer_7_mha_output_out,5,13,0.026095989847744416,0.2686237817741696,-0.1735233213815096
layer_3_mha_output_out,layer_7_mlp_out,5,14,0.2824039498972837,0.7831479438985647,-0.46274472325950416
layer_3_mha_output_out,layer_8_mha_output_out,5,15,0.026729586435898622,0.3024533582589647,-0.21762717835112066
layer_3_mha_output_out,layer_8_mlp_out,5,16,0.251199441693838,0.7372616954583586,-0.42472264376360025
layer_3_mha_output_out,layer_9_mha_output_out,5,17,0.005020398995410957,0.19469100679286536,-0.1696303072512383
layer_3_mha_output_out,layer_9_mlp_out,5,18,0.12444377305884224,0.7128413140263139,-0.5985233628889024
layer_3_mha_output_out,layer_10_mha_output_out,5,19,0.011554244467716579,0.23497887787439356,-0.18742353175438517
layer_3_mha_output_out,layer_10_mlp_out,5,20,0.32111826438523805,0.788140971969046,-0.3567074991533722
layer_3_mha_output_out,layer_11_mha_output_out,5,21,0.01550207667487602,0.3284717949800247,-0.2850221254275713
layer_3_mha_output_out,layer_11_mlp_out,5,22,0.34300354910271014,0.7921157100832414,-0.2783349061759265
layer_3_mha_output_out,layer_12_mha_output_out,5,23,-0.03757095517991904,0.23748169631575047,-0.3763315286089485
layer_3_mha_output_out,layer_12_mlp_out,5,24,0.28725878916361003,0.7244871365307998,-0.2817327588016861
layer_3_mha_output_out,layer_13_mha_output_out,5,25,-0.00580166269775928,0.13055619039231417,-0.17373577206461235
layer_3_mha_output_out,layer_13_mlp_out,5,26,0.26117163954061384,0.6830871675922218,-0.25613381370559124
layer_3_mha_output_out,layer_14_mha_output_out,5,27,0.01781291142405983,0.18484324025139962,-0.08832980099005498
layer_3_mha_output_out,layer_14_mlp_out,5,28,0.1808972361355573,0.5334174825921588,-0.15323421684385424
layer_3_mha_output_out,layer_15_mha_output_out,5,29,-0.005607602084086505,0.09889686183791264,-0.15442108895833362
layer_3_mha_output_out,layer_15_mlp_out,5,30,0.14165880240273065,0.5455389221211066,-0.2910506758277382
layer_3_mha_output_out,layer_16_mha_output_out,5,31,-0.07273333808583815,0.37980515507781343,-0.5228710516255094
layer_3_mha_output_out,layer_16_mlp_out,5,32,0.29531237535283106,0.7017256577949086,-0.17993277342790218
layer_3_mha_output_out,layer_17_mha_output_out,5,33,-0.0070018116095771354,0.16490984808521975,-0.2056431861829314
layer_3_mha_output_out,layer_17_mlp_out,5,34,0.29808346756330595,0.6705101884475501,-0.06458116970725629
layer_3_mha_output_out,layer_18_mha_output_out,5,35,-0.00027114737347733175,0.16139538253023986,-0.163030753141772
layer_3_mha_output_out,layer_18_mlp_out,5,36,0.17838809746482154,0.5659165240179619,-0.23280224366581198
layer_3_mha_output_out,layer_19_mha_output_out,5,37,-0.010762443217468443,0.18087368878661683,-0.2372168030609359
layer_3_mha_output_out,layer_19_mlp_out,5,38,0.18417540363758977,0.5110869208462171,-0.08960202137077738
layer_3_mha_output_out,layer_20_mha_output_out,5,39,-0.03013469956531556,0.2065140770219771,-0.3382707433800276
layer_3_mha_output_out,layer_20_mlp_out,5,40,0.2568047806803889,0.6490088409947159,-0.17815445124409907
layer_3_mha_output_out,layer_21_mha_output_out,5,41,0.00695626677167438,0.2437181707612069,-0.21649250393526465
layer_3_mha_output_out,layer_21_mlp_out,5,42,0.38930666612352327,0.8167640576326949,-0.10003839609019298
layer_3_mha_output_out,layer_22_mha_output_out,5,43,0.03573600740938132,0.15621469817769115,0.08414385426143216
layer_3_mha_output_out,layer_22_mlp_out,5,44,0.4688052867655753,0.9446152305935145,-0.08787216409337507
layer_3_mha_output_out,layer_23_mha_output_out,5,45,0.03556535571084174,0.16093348278600036,0.07082192177148894
layer_3_mha_output_out,layer_23_mlp_out,5,46,0.4464330471080725,0.8770024766308459,0.21995499350710335
layer_3_mha_output_out,layer_24_mha_output_out,5,47,0.0372845318980769,0.21838273614957712,-0.042693862574379494
layer_3_mha_output_out,layer_24_mlp_out,5,48,0.37796578932032954,0.7572686092113395,0.11500963601009198
layer_3_mha_output_out,layer_25_mha_output_out,5,49,0.013976324605131873,0.12925617311887372,-0.019876368906913678
layer_3_mha_output_out,layer_25_mlp_out,5,50,0.37235479258993975,0.7512978575027899,0.0942726592657072
layer_3_mha_output_out,layer_26_mha_output_out,5,51,0.12050994376768398,0.36444928275445704,0.01335162601289309
layer_3_mha_output_out,layer_26_mlp_out,5,52,0.41557479282756493,0.8533406474299133,-0.06938833120546135
layer_3_mha_output_out,layer_27_mha_output_out,5,53,0.051534832748605486,0.20394565614534538,0.06606275896090467
layer_3_mha_output_out,layer_27_mlp_out,5,54,0.27309936582349315,0.7518880507161345,-0.4039869245924202
layer_3_mha_output_out,layer_28_mha_output_out,5,55,0.057457641886314414,0.1812266446219908,0.16522118360116253
layer_3_mha_output_out,layer_28_mlp_out,5,56,-0.2077300056747171,0.5031040456312308,-0.7209744921006662
layer_3_mlp_out,layer_1_mha_output_out,6,1,0.0,0.0,NaN
layer_3_mlp_out,layer_1_mlp_out,6,2,0.0,0.0,NaN
layer_3_mlp_out,layer_2_mha_output_out,6,3,0.0,0.0,NaN
layer_3_mlp_out,layer_2_mlp_out,6,4,0.0,0.0,NaN
layer_3_mlp_out,layer_3_mha_output_out,6,5,0.0,0.0,NaN
layer_3_mlp_out,layer_3_mlp_out,6,6,1.0,Inf,NaN
layer_3_mlp_out,layer_4_mha_output_out,6,7,0.08499149332611644,0.3337926443172184,-0.06120294223403501
layer_3_mlp_out,layer_4_mlp_out,6,8,0.2037589097994621,0.6375175430707416,-0.31731695184588854
layer_3_mlp_out,layer_5_mha_output_out,6,9,0.0740883430566257,0.3593312690995055,-0.14853438661195448
layer_3_mlp_out,layer_5_mlp_out,6,10,0.23919078592176513,0.6798217778664091,-0.31703500629156045
layer_3_mlp_out,layer_6_mha_output_out,6,11,0.028336176248020206,0.3500227922593688,-0.2747181784735126
layer_3_mlp_out,layer_6_mlp_out,6,12,0.10464981387943784,0.5955403777578455,-0.45212415631308384
layer_3_mlp_out,layer_7_mha_output_out,6,13,0.022578067044232264,0.2653503432683982,-0.18251306725106142
layer_3_mlp_out,layer_7_mlp_out,6,14,0.2868354704161691,0.785059947222289,-0.45624219527106874
layer_3_mlp_out,layer_8_mha_output_out,6,15,0.02562106168035161,0.3021089404669373,-0.22087956664807104
layer_3_mlp_out,layer_8_mlp_out,6,16,0.25340535935627917,0.7339940042695995,-0.4111084084938881
layer_3_mlp_out,layer_9_mha_output_out,6,17,0.011335932648440572,0.19295215882239475,-0.13507735640702176
layer_3_mlp_out,layer_9_mlp_out,6,18,0.10165854622088222,0.6899133614970074,-0.592993824241544
layer_3_mlp_out,layer_10_mha_output_out,6,19,0.001974867034079897,0.22484227013903432,-0.21646989092264945
layer_3_mlp_out,layer_10_mlp_out,6,20,0.3222400346943184,0.7790792494374676,-0.32181661910010845
layer_3_mlp_out,layer_11_mha_output_out,6,21,0.0059913633879487005,0.30925698337454804,-0.2915239508514704
layer_3_mlp_out,layer_11_mlp_out,6,22,0.31405089548364173,0.7592265106540338,-0.28810274510425604
layer_3_mlp_out,layer_12_mha_output_out,6,23,-0.03481184208457244,0.2296382168519472,-0.3638911894007007
layer_3_mlp_out,layer_12_mlp_out,6,24,0.2828379406207403,0.7154014715525814,-0.27100324348671134
layer_3_mlp_out,layer_13_mha_output_out,6,25,-0.0029222293858339743,0.12943191352571387,-0.1515020440626723
layer_3_mlp_out,layer_13_mlp_out,6,26,0.25538312310110267,0.6694301423765412,-0.239099750612595
layer_3_mlp_out,layer_14_mha_output_out,6,27,0.023465633009922438,0.18014161160141903,-0.04790035228049867
layer_3_mlp_out,layer_14_mlp_out,6,28,0.19668859062883726,0.54549808797752,-0.12798376404990958
layer_3_mlp_out,layer_15_mha_output_out,6,29,-0.003358736107168303,0.09894695321297131,-0.1323351481015772
layer_3_mlp_out,layer_15_mlp_out,6,30,0.16440819785693062,0.5386391200086476,-0.2158181226369269
layer_3_mlp_out,layer_16_mha_output_out,6,31,-0.08550248689514262,0.3564256318763027,-0.5352578674077585
layer_3_mlp_out,layer_16_mlp_out,6,32,0.28590500554375264,0.6852250387802116,-0.16832078300491843
layer_3_mlp_out,layer_17_mha_output_out,6,33,-0.009186987092532739,0.15929625691156274,-0.21449099260466142
layer_3_mlp_out,layer_17_mlp_out,6,34,0.3161490106629302,0.6918408333510015,-0.043916541443425675
layer_3_mlp_out,layer_18_mha_output_out,6,35,-0.002039836117899929,0.1545437028839422,-0.16737519994329794
layer_3_mlp_out,layer_18_mlp_out,6,36,0.18743628960596737,0.5476246644055227,-0.1643000654880124
layer_3_mlp_out,layer_19_mha_output_out,6,37,-0.012737388893900636,0.17629801181136032,-0.24456260214364733
layer_3_mlp_out,layer_19_mlp_out,6,38,0.1964747857882405,0.509182802561668,-0.038346494256354356
layer_3_mlp_out,layer_20_mha_output_out,6,39,-0.039302502399441996,0.201281729807189,-0.3749785653518751
layer_3_mlp_out,layer_20_mlp_out,6,40,0.2576449024374028,0.6298612902136568,-0.12075362805410869
layer_3_mlp_out,layer_21_mha_output_out,6,41,0.0031208609796785636,0.2400403405818441,-0.22771111545428366
layer_3_mlp_out,layer_21_mlp_out,6,42,0.39232870990710933,0.8164056841558921,-0.0722115518575974
layer_3_mlp_out,layer_22_mha_output_out,6,43,0.03155566333158699,0.13952531799669513,0.09717474835059059
layer_3_mlp_out,layer_22_mlp_out,6,44,0.4643947005642517,0.9352568983847575,-0.06159414269007128
layer_3_mlp_out,layer_23_mha_output_out,6,45,0.035096547369083186,0.15761409584802508,0.07592063117168492
layer_3_mlp_out,layer_23_mlp_out,6,46,0.46272143629401996,0.9110222132472845,0.24735183742930006
layer_3_mlp_out,layer_24_mha_output_out,6,47,0.04576747799396441,0.22287636125374116,-0.008064913979363588
layer_3_mlp_out,layer_24_mlp_out,6,48,0.38633438083911364,0.771654734929115,0.11929317959745697
layer_3_mlp_out,layer_25_mha_output_out,6,49,0.015555612570179678,0.12407817633853482,0.003324823798489542
layer_3_mlp_out,layer_25_mlp_out,6,50,0.35925144580350754,0.7276071920333784,0.09779998989335588
layer_3_mlp_out,layer_26_mha_output_out,6,51,0.12944331288807298,0.3410397193691023,0.11153561981564325
layer_3_mlp_out,layer_26_mlp_out,6,52,0.4239056847534527,0.8612666215823173,-0.026165692773948854
layer_3_mlp_out,layer_27_mha_output_out,6,53,0.05787490127044215,0.20098659144131542,0.11150636931372836
layer_3_mlp_out,layer_27_mlp_out,6,54,0.2527694623787623,0.727126294691904,-0.3957904434519261
layer_3_mlp_out,layer_28_mha_output_out,6,55,0.06113066620760699,0.17833394357783505,0.19978080623902233
layer_3_mlp_out,layer_28_mlp_out,6,56,-0.20897671348027114,0.4996075353115024,-0.7209655868987861
layer_4_mha_output_out,layer_1_mha_output_out,7,1,0.0,0.0,NaN
layer_4_mha_output_out,layer_1_mlp_out,7,2,0.0,0.0,NaN
layer_4_mha_output_out,layer_2_mha_output_out,7,3,0.0,0.0,NaN
layer_4_mha_output_out,layer_2_mlp_out,7,4,0.0,0.0,NaN
layer_4_mha_output_out,layer_3_mha_output_out,7,5,0.0,0.0,NaN
layer_4_mha_output_out,layer_3_mlp_out,7,6,0.0,0.0,NaN
layer_4_mha_output_out,layer_4_mha_output_out,7,7,1.0,Inf,NaN
layer_4_mha_output_out,layer_4_mlp_out,7,8,0.2023194313939788,0.6290181292658193,-0.3025261209320418
layer_4_mha_output_out,layer_5_mha_output_out,7,9,0.08157829489371271,0.36550102138038426,-0.13441973057167672
layer_4_mha_output_out,layer_5_mlp_out,7,10,0.2283824112062558,0.6668856087069676,-0.3168416266053514
layer_4_mha_output_out,layer_6_mha_output_out,7,11,0.027989058725840343,0.3561185672422646,-0.2834217866426053
layer_4_mha_output_out,layer_6_mlp_out,7,12,0.10910211467014108,0.6005248257756142,-0.45194457209054967
layer_4_mha_output_out,layer_7_mha_output_out,7,13,0.023203248063399462,0.26545030788735724,-0.18024462870103702
layer_4_mha_output_out,layer_7_mlp_out,7,14,0.28585570223762136,0.7863763255440831,-0.4624828088411189
layer_4_mha_output_out,layer_8_mha_output_out,7,15,0.02184799319648023,0.3026969413757381,-0.23413667371682712
layer_4_mha_output_out,layer_8_mlp_out,7,16,0.25354038644736276,0.7330759421244712,-0.408491474200111
layer_4_mha_output_out,layer_9_mha_output_out,7,17,0.0130968345292507,0.19524693131958232,-0.12899023020957154
layer_4_mha_output_out,layer_9_mlp_out,7,18,0.11019850145951093,0.6990596174107596,-0.595669968534458
layer_4_mha_output_out,layer_10_mha_output_out,7,19,0.0021364369149717843,0.2228553900566299,-0.21370576002314548
layer_4_mha_output_out,layer_10_mlp_out,7,20,0.31791104241434576,0.776053993604352,-0.32865030913627524
layer_4_mha_output_out,layer_11_mha_output_out,7,21,0.003303558335913892,0.310763058543295,-0.30109533354368145
layer_4_mha_output_out,layer_11_mlp_out,7,22,0.310079360121823,0.7531112530457788,-0.28394978701338175
layer_4_mha_output_out,layer_12_mha_output_out,7,23,-0.03791804499519991,0.23011604702889557,-0.3751682319681636
layer_4_mha_output_out,layer_12_mlp_out,7,24,0.2855380609171373,0.7199691199091756,-0.27462421571997936
layer_4_mha_output_out,layer_13_mha_output_out,7,25,-0.002386740047570779,0.13011480702627176,-0.14806192584755518
layer_4_mha_output_out,layer_13_mlp_out,7,26,0.25828950075083557,0.6704776806437804,-0.23182334163770785
layer_4_mha_output_out,layer_14_mha_output_out,7,27,0.02485391969537154,0.18074575397618933,-0.040772604743730394
layer_4_mha_output_out,layer_14_mlp_out,7,28,0.19903329829089478,0.5485992832128648,-0.1272683377328008
layer_4_mha_output_out,layer_15_mha_output_out,7,29,-0.005071997960952368,0.0984277112843099,-0.14894620955276205
layer_4_mha_output_out,layer_15_mlp_out,7,30,0.1660279137462789,0.5431110123315868,-0.22043981711362176
layer_4_mha_output_out,layer_16_mha_output_out,7,31,-0.08534111148472001,0.3556446427503043,-0.534694634762767
layer_4_mha_output_out,layer_16_mlp_out,7,32,0.2868422952930164,0.6915968281295652,-0.1840514659381273
layer_4_mha_output_out,layer_17_mha_output_out,7,33,-0.008240436906702175,0.15880147880808354,-0.2085641891258313
layer_4_mha_output_out,layer_17_mlp_out,7,34,0.31648726798782423,0.6942724472837138,-0.05092149983311515
layer_4_mha_output_out,layer_18_mha_output_out,7,35,-0.00307732565205443,0.15590373780673386,-0.17504479123551797
layer_4_mha_output_out,layer_18_mlp_out,7,36,0.18844407290303933,0.5513847154401437,-0.16965556994250816
layer_4_mha_output_out,layer_19_mha_output_out,7,37,-0.013300399643284777,0.17568733934722103,-0.24715448522496433
layer_4_mha_output_out,layer_19_mlp_out,7,38,0.20092991674725835,0.515110706935489,-0.036008665166077286
layer_4_mha_output_out,layer_20_mha_output_out,7,39,-0.04284606327810869,0.20337115215106844,-0.38939580932413176
layer_4_mha_output_out,layer_20_mlp_out,7,40,0.2576214350447127,0.6302066646447234,-0.1218406117883715
layer_4_mha_output_out,layer_21_mha_output_out,7,41,0.0057208663766694645,0.24035049268821712,-0.2176637472048622
layer_4_mha_output_out,layer_21_mlp_out,7,42,0.3942243327427951,0.8186872890431187,-0.0681091817990416
layer_4_mha_output_out,layer_22_mha_output_out,7,43,0.03139030173562707,0.14152216143399557,0.0904005101213138
layer_4_mha_output_out,layer_22_mlp_out,7,44,0.45953691114711337,0.9272822497973726,-0.06904930565968272
layer_4_mha_output_out,layer_23_mha_output_out,7,45,0.03750057776460547,0.15840501909001864,0.09110695819464751
layer_4_mha_output_out,layer_23_mlp_out,7,46,0.4606736122463355,0.9069858756616052,0.2384614903698469
layer_4_mha_output_out,layer_24_mha_output_out,7,47,0.04486428918561991,0.22389441352703618,-0.014795687038469459
layer_4_mha_output_out,layer_24_mlp_out,7,48,0.38413268635511233,0.7667682209181432,0.12405910137163373
layer_4_mha_output_out,layer_25_mha_output_out,7,49,0.016401574236881822,0.12416633095005801,0.010301692782242843
layer_4_mha_output_out,layer_25_mlp_out,7,50,0.3640148858743236,0.7359938962559676,0.09746795641543789
layer_4_mha_output_out,layer_26_mha_output_out,7,51,0.13597529397327646,0.3465890610678873,0.12755005140470746
layer_4_mha_output_out,layer_26_mlp_out,7,52,0.42681823075113534,0.8655339711829999,-0.020368621112991214
layer_4_mha_output_out,layer_27_mha_output_out,7,53,0.059855748606461257,0.20308950603585568,0.11790739399871848
layer_4_mha_output_out,layer_27_mlp_out,7,54,0.2490208274357042,0.7202766502088104,-0.3888437082191624
layer_4_mha_output_out,layer_28_mha_output_out,7,55,0.061976827689108394,0.17871540628810398,0.2044999504025987
layer_4_mha_output_out,layer_28_mlp_out,7,56,-0.2196771045288033,0.49713211434689436,-0.7282637124710691
layer_4_mlp_out,layer_1_mha_output_out,8,1,0.0,0.0,NaN
layer_4_mlp_out,layer_1_mlp_out,8,2,0.0,0.0,NaN
layer_4_mlp_out,layer_2_mha_output_out,8,3,0.0,0.0,NaN
layer_4_mlp_out,layer_2_mlp_out,8,4,0.0,0.0,NaN
layer_4_mlp_out,layer_3_mha_output_out,8,5,0.0,0.0,NaN
layer_4_mlp_out,layer_3_mlp_out,8,6,0.0,0.0,NaN
layer_4_mlp_out,layer_4_mha_output_out,8,7,0.0,0.0,NaN
layer_4_mlp_out,layer_4_mlp_out,8,8,1.0,Inf,NaN
layer_4_mlp_out,layer_5_mha_output_out,8,9,0.09940242568807311,0.3602398942996874,-0.06053107147703666
layer_4_mlp_out,layer_5_mlp_out,8,10,0.23890883234934301,0.6904691909362837,-0.34375080868522223
layer_4_mlp_out,layer_6_mha_output_out,8,11,0.026840440965787304,0.36371184045936816,-0.29604575606817585
layer_4_mlp_out,layer_6_mlp_out,8,12,0.10948551318308242,0.5940153459298145,-0.44129603197247985
layer_4_mlp_out,layer_7_mha_output_out,8,13,0.024378972333473303,0.2749113051555867,-0.1887320257584216
layer_4_mlp_out,layer_7_mlp_out,8,14,0.2784646377675569,0.786085941316632,-0.4806158833790119
layer_4_mlp_out,layer_8_mha_output_out,8,15,0.019430702372976616,0.31535890841854924,-0.25762850253333525
layer_4_mlp_out,layer_8_mlp_out,8,16,0.25159017004459683,0.7422504395521906,-0.43587570492106814
layer_4_mlp_out,layer_9_mha_output_out,8,17,0.01575071607961387,0.20129166517642416,-0.12377194292948528
layer_4_mlp_out,layer_9_mlp_out,8,18,0.16711342399790263,0.7435006558452437,-0.592523208616246
layer_4_mlp_out,layer_10_mha_output_out,8,19,-0.0058701402539460545,0.2218790602589364,-0.24674119661231156
layer_4_mlp_out,layer_10_mlp_out,8,20,0.3238814396855868,0.7856217247565684,-0.3375911132822396
layer_4_mlp_out,layer_11_mha_output_out,8,21,-0.0003433404727066769,0.31208182204027685,-0.3130741520213669
layer_4_mlp_out,layer_11_mlp_out,8,22,0.3147306403678307,0.7629949947110453,-0.2978457312836016
layer_4_mlp_out,layer_12_mha_output_out,8,23,-0.04254881097094598,0.22844367776679725,-0.3911342388621503
layer_4_mlp_out,layer_12_mlp_out,8,24,0.29103197833140126,0.7358742689456768,-0.302007642469954
layer_4_mlp_out,layer_13_mha_output_out,8,25,-0.0023324067912311452,0.13079813140610855,-0.14824378717373382
layer_4_mlp_out,layer_13_mlp_out,8,26,0.2647921021348343,0.6737028107740255,-0.2174070329867333
layer_4_mlp_out,layer_14_mha_output_out,8,27,0.030833938107727055,0.18621357820837567,-0.01586661471578196
layer_4_mlp_out,layer_14_mlp_out,8,28,0.19062823661727268,0.546408076607771,-0.15090590344068489
layer_4_mlp_out,layer_15_mha_output_out,8,29,-0.008296158101804618,0.09845193707828918,-0.1805392189530757
layer_4_mlp_out,layer_15_mlp_out,8,30,0.1487164155344588,0.5254682230938377,-0.23386449934602532
layer_4_mlp_out,layer_16_mha_output_out,8,31,-0.0870152620498752,0.35111827856542427,-0.53618209550832
layer_4_mlp_out,layer_16_mlp_out,8,32,0.27926846369416214,0.6869752133968555,-0.20070924499389461
layer_4_mlp_out,layer_17_mha_output_out,8,33,-0.009630621563175623,0.15786600331300574,-0.21622659621227866
layer_4_mlp_out,layer_17_mlp_out,8,34,0.3152462881417276,0.6911709149448082,-0.0464866729495676
layer_4_mlp_out,layer_18_mha_output_out,8,35,-0.003969963217375305,0.15653302744193864,-0.18107853237706847
layer_4_mlp_out,layer_18_mlp_out,8,36,0.18606520351111167,0.5434495897200772,-0.15919626582336424
layer_4_mlp_out,layer_19_mha_output_out,8,37,-0.00879299372581066,0.17455478507005504,-0.22254972135673623
layer_4_mlp_out,layer_19_mlp_out,8,38,0.20142333775356402,0.5171108450006452,-0.03924603237746266
layer_4_mlp_out,layer_20_mha_output_out,8,39,-0.04586859331062443,0.20398657345343907,-0.4013823117639498
layer_4_mlp_out,layer_20_mlp_out,8,40,0.2596171869899968,0.630652322551082,-0.11494086824416043
layer_4_mlp_out,layer_21_mha_output_out,8,41,0.01022893786826562,0.23878178402610073,-0.19754258573331454
layer_4_mlp_out,layer_21_mlp_out,8,42,0.4060177594189849,0.8389825343744949,-0.076610580172259
layer_4_mlp_out,layer_22_mha_output_out,8,43,0.03317451431863183,0.1444909297960812,0.09628685127894127
layer_4_mlp_out,layer_22_mlp_out,8,44,0.45269771101105116,0.9153269926499625,-0.06749892427842724
layer_4_mlp_out,layer_23_mha_output_out,8,45,0.03350878598601259,0.15895536726053863,0.06128442433905029
layer_4_mlp_out,layer_23_mlp_out,8,46,0.46678711189354327,0.920474230347994,0.2454946223611732
layer_4_mlp_out,layer_24_mha_output_out,8,47,0.03694309009873076,0.2213699800758296,-0.0500024594445509
layer_4_mlp_out,layer_24_mlp_out,8,48,0.388147266306068,0.7727400429074947,0.1318555982310083
layer_4_mlp_out,layer_25_mha_output_out,8,49,0.013065600215133033,0.12189846307557536,-0.013473577251932186
layer_4_mlp_out,layer_25_mlp_out,8,50,0.37095828267106445,0.7514343535650847,0.08130457302593248
layer_4_mlp_out,layer_26_mha_output_out,8,51,0.14931518153237477,0.3539060447310399,0.17229684695790434
layer_4_mlp_out,layer_26_mlp_out,8,52,0.4315066485960103,0.8706104904404297,0.005114242222173443
layer_4_mlp_out,layer_27_mha_output_out,8,53,0.058902864925540976,0.20864364557385565,0.09743807256663094
layer_4_mlp_out,layer_27_mlp_out,8,54,0.25384717833865633,0.7332100432669566,-0.40802557478025253
layer_4_mlp_out,layer_28_mha_output_out,8,55,0.06077710967580818,0.17689459267190882,0.20198703492556339
layer_4_mlp_out,layer_28_mlp_out,8,56,-0.24518069819458077,0.5027617027290409,-0.7472663879225351
layer_5_mha_output_out,layer_1_mha_output_out,9,1,0.0,0.0,NaN
layer_5_mha_output_out,layer_1_mlp_out,9,2,0.0,0.0,NaN
layer_5_mha_output_out,layer_2_mha_output_out,9,3,0.0,0.0,NaN
layer_5_mha_output_out,layer_2_mlp_out,9,4,0.0,0.0,NaN
layer_5_mha_output_out,layer_3_mha_output_out,9,5,0.0,0.0,NaN
layer_5_mha_output_out,layer_3_mlp_out,9,6,0.0,0.0,NaN
layer_5_mha_output_out,layer_4_mha_output_out,9,7,0.0,0.0,NaN
layer_5_mha_output_out,layer_4_mlp_out,9,8,0.0,0.0,NaN
layer_5_mha_output_out,layer_5_mha_output_out,9,9,1.0,Inf,NaN
layer_5_mha_output_out,layer_5_mlp_out,9,10,0.23289104098719382,0.6852523732069736,-0.34780100373939615
layer_5_mha_output_out,layer_6_mha_output_out,9,11,0.015968046973501848,0.3676686873032995,-0.3288700277638564
layer_5_mha_output_out,layer_6_mlp_out,9,12,0.10751795501672412,0.5839857298438395,-0.42942880646966564
layer_5_mha_output_out,layer_7_mha_output_out,9,13,0.02288124941387326,0.2785345561041049,-0.19912510815220247
layer_5_mha_output_out,layer_7_mlp_out,9,14,0.28002540208296434,0.7883710449992591,-0.482810727115638
layer_5_mha_output_out,layer_8_mha_output_out,9,15,0.025297149991142964,0.3197901991098679,-0.24499006169336882
layer_5_mha_output_out,layer_8_mlp_out,9,16,0.250221181449218,0.7441048054253325,-0.4436777318075035
layer_5_mha_output_out,layer_9_mha_output_out,9,17,0.014541642353259943,0.2021175023356391,-0.131043067139203
layer_5_mha_output_out,layer_9_mlp_out,9,18,0.17383998999676975,0.7435580733498971,-0.5833075207831321
layer_5_mha_output_out,layer_10_mha_output_out,9,19,-0.004324801498400532,0.22346337893871152,-0.24169278049497037
layer_5_mha_output_out,layer_10_mlp_out,9,20,0.30535544029842965,0.7694140442179073,-0.3534693300764719
layer_5_mha_output_out,layer_11_mha_output_out,9,21,0.0004216042419947774,0.31465981871436266,-0.3134515886904507
layer_5_mha_output_out,layer_11_mlp_out,9,22,0.3224788896674968,0.7729649455480793,-0.2999721164368467
layer_5_mha_output_out,layer_12_mha_output_out,9,23,-0.03770032510498189,0.23265722918386697,-0.3751818788084609
layer_5_mha_output_out,layer_12_mlp_out,9,24,0.2789849456595359,0.7216655917213545,-0.30257432030142534
layer_5_mha_output_out,layer_13_mha_output_out,9,25,-0.0003002271566860948,0.13114003802566454,-0.13338867906302523
layer_5_mha_output_out,layer_13_mlp_out,9,26,0.2724768219425022,0.6805347727235546,-0.20815129411061994
layer_5_mha_output_out,layer_14_mha_output_out,9,27,0.032621211016057305,0.19035388818950966,-0.01366442054849993
layer_5_mha_output_out,layer_14_mlp_out,9,28,0.19282520592587193,0.5529998179253821,-0.15899425929080135
layer_5_mha_output_out,layer_15_mha_output_out,9,29,-0.01021163083912513,0.09830983020900172,-0.19911899477547906
layer_5_mha_output_out,layer_15_mlp_out,9,30,0.15390541151309278,0.5316642885393206,-0.2316703654106971
layer_5_mha_output_out,layer_16_mha_output_out,9,31,-0.09108670508184935,0.3556560717417633,-0.5448951579418199
layer_5_mha_output_out,layer_16_mlp_out,9,32,0.2723934616907543,0.680331547723107,-0.20788128038894008
layer_5_mha_output_out,layer_17_mha_output_out,9,33,-0.008191284425179024,0.16171033584894703,-0.210244659698475
layer_5_mha_output_out,layer_17_mlp_out,9,34,0.30216349159624467,0.6763022477314158,-0.06358975376679259
layer_5_mha_output_out,layer_18_mha_output_out,9,35,-0.0014812725984432173,0.158728338181229,-0.1677984719666075
layer_5_mha_output_out,layer_18_mlp_out,9,36,0.17850360533088805,0.5386573539856534,-0.17281514120865002
layer_5_mha_output_out,layer_19_mha_output_out,9,37,-0.01006900665840016,0.17660651757546697,-0.23075167801200305
layer_5_mha_output_out,layer_19_mlp_out,9,38,0.20606833326386642,0.5251229401690574,-0.041663618483329626
layer_5_mha_output_out,layer_20_mha_output_out,9,39,-0.04474101011785048,0.20662918884662915,-0.3968876991083312
layer_5_mha_output_out,layer_20_mlp_out,9,40,0.2553628971334494,0.6287492154487936,-0.12681174264381423
layer_5_mha_output_out,layer_21_mha_output_out,9,41,0.009526188144088232,0.24276788464899823,-0.20512341806728074
layer_5_mha_output_out,layer_21_mlp_out,9,42,0.40560876103220833,0.8396863267346323,-0.08504096130199272
layer_5_mha_output_out,layer_22_mha_output_out,9,43,0.03387983684835727,0.14814590066168293,0.0917849442680365
layer_5_mha_output_out,layer_22_mlp_out,9,44,0.4527294458366764,0.9148390506720407,-0.0612553212551976
layer_5_mha_output_out,layer_23_mha_output_out,9,45,0.03302140534964415,0.15935097420411679,0.05689274649327584
layer_5_mha_output_out,layer_23_mlp_out,9,46,0.4614615543170191,0.9089046321195746,0.2365385276456406
layer_5_mha_output_out,layer_24_mha_output_out,9,47,0.033331726911815296,0.22142484843687166,-0.06804776425930552
layer_5_mha_output_out,layer_24_mlp_out,9,48,0.37781165825683294,0.7575596592517387,0.1120286849114727
layer_5_mha_output_out,layer_25_mha_output_out,9,49,0.013081779663224546,0.12224309134373675,-0.01399563964451557
layer_5_mha_output_out,layer_25_mlp_out,9,50,0.3705604560457023,0.7528471350020906,0.07084513941146198
layer_5_mha_output_out,layer_26_mha_output_out,9,51,0.14494784774250014,0.35289718311016094,0.15348628282279053
layer_5_mha_output_out,layer_26_mlp_out,9,52,0.42609983432149967,0.8636236098503716,-0.01520761913905803
layer_5_mha_output_out,layer_27_mha_output_out,9,53,0.05971947972782876,0.21071620959079143,0.09684682983826766
layer_5_mha_output_out,layer_27_mlp_out,9,54,0.25961834029738773,0.7412871080516564,-0.413111686205046
layer_5_mha_output_out,layer_28_mha_output_out,9,55,0.06007441204972441,0.17863316629668866,0.19139436152101164
layer_5_mha_output_out,layer_28_mlp_out,9,56,-0.2516646000270921,0.5082629616817297,-0.7525438901906889
layer_5_mlp_out,layer_1_mha_output_out,10,1,0.0,0.0,NaN
layer_5_mlp_out,layer_1_mlp_out,10,2,0.0,0.0,NaN
layer_5_mlp_out,layer_2_mha_output_out,10,3,0.0,0.0,NaN
layer_5_mlp_out,layer_2_mlp_out,10,4,0.0,0.0,NaN
layer_5_mlp_out,layer_3_mha_output_out,10,5,0.0,0.0,NaN
layer_5_mlp_out,layer_3_mlp_out,10,6,0.0,0.0,NaN
layer_5_mlp_out,layer_4_mha_output_out,10,7,0.0,0.0,NaN
layer_5_mlp_out,layer_4_mlp_out,10,8,0.0,0.0,NaN
layer_5_mlp_out,layer_5_mha_output_out,10,9,0.0,0.0,NaN
layer_5_mlp_out,layer_5_mlp_out,10,10,1.0,Inf,NaN
layer_5_mlp_out,layer_6_mha_output_out,10,11,0.011160242662046738,0.3084864682315765,-0.2750045044341676
layer_5_mlp_out,layer_6_mlp_out,10,12,0.12389864218340874,0.6122060268877295,-0.44399454192022964
layer_5_mlp_out,layer_7_mha_output_out,10,13,0.021644915272458043,0.28380163522337726,-0.2105036805863681
layer_5_mlp_out,layer_7_mlp_out,10,14,0.31122529396350107,0.8234595337411782,-0.5012048600990394
layer_5_mlp_out,layer_8_mha_output_out,10,15,0.030316266688997118,0.335719961404999,-0.25042376646278297
layer_5_mlp_out,layer_8_mlp_out,10,16,0.28857397492065406,0.7876171853003258,-0.45865389959947295
layer_5_mlp_out,layer_9_mha_output_out,10,17,0.020179967723303105,0.21289560624537143,-0.11859789388558083
layer_5_mlp_out,layer_9_mlp_out,10,18,0.22859793591444522,0.7765962640260303,-0.5613611910739713
layer_5_mlp_out,layer_10_mha_output_out,10,19,-0.003468702224919351,0.22580918667552255,-0.24028669502254105
layer_5_mlp_out,layer_10_mlp_out,10,20,0.3101051635763796,0.7666254385872392,-0.3275080704394119
layer_5_mlp_out,layer_11_mha_output_out,10,21,0.004235124243297639,0.3142621173498894,-0.3020128953639829
layer_5_mlp_out,layer_11_mlp_out,10,22,0.3243779752200452,0.783362441715807,-0.32789954316891967
layer_5_mlp_out,layer_12_mha_output_out,10,23,-0.03673199979243069,0.23518909531997526,-0.3726336149648517
layer_5_mlp_out,layer_12_mlp_out,10,24,0.2831252817906308,0.7257626456187528,-0.300112495053577
layer_5_mlp_out,layer_13_mha_output_out,10,25,0.0008055433279010593,0.1310963472842553,-0.1250475394607283
layer_5_mlp_out,layer_13_mlp_out,10,26,0.2940373789563243,0.6989940156552498,-0.1767449655904704
layer_5_mlp_out,layer_14_mha_output_out,10,27,0.03218495585192549,0.19236851480258874,-0.020166397372755288
layer_5_mlp_out,layer_14_mlp_out,10,28,0.1903085200230783,0.5514437425726462,-0.16369471497725147
layer_5_mlp_out,layer_15_mha_output_out,10,29,-0.0123157762177033,0.09991083020369207,-0.21901432647937297
layer_5_mlp_out,layer_15_mlp_out,10,30,0.14861926834421646,0.5301987977391501,-0.24345738402081613
layer_5_mlp_out,layer_16_mha_output_out,10,31,-0.0844037403205069,0.3606354801235197,-0.5348324445455613
layer_5_mlp_out,layer_16_mlp_out,10,32,0.28513235046162333,0.684859179275139,-0.17044556440630992
layer_5_mlp_out,layer_17_mha_output_out,10,33,-0.0031511244870783273,0.1637722655535913,-0.1823798213868132
layer_5_mlp_out,layer_17_mlp_out,10,34,0.2851123856611024,0.6559593831575972,-0.07978074445289891
layer_5_mlp_out,layer_18_mha_output_out,10,35,0.0019387680376314886,0.15791129712059518,-0.14589327363215387
layer_5_mlp_out,layer_18_mlp_out,10,36,0.1699951841991294,0.5243492504853531,-0.1681948123767291
layer_5_mlp_out,layer_19_mha_output_out,10,37,-0.012049444162171019,0.17599347270132532,-0.24077692996568206
layer_5_mlp_out,layer_19_mlp_out,10,38,0.2191805314258085,0.5379856422237788,-0.022541231488072133
layer_5_mlp_out,layer_20_mha_output_out,10,39,-0.04478088591013707,0.19501958358350824,-0.3977518784248824
layer_5_mlp_out,layer_20_mlp_out,10,40,0.2571652214144875,0.6171720458730083,-0.08601252031923025
layer_5_mlp_out,layer_21_mha_output_out,10,41,0.012851269349084427,0.24365805899661444,-0.1927375369957933
layer_5_mlp_out,layer_21_mlp_out,10,42,0.3950614519793201,0.8214804233814255,-0.0763835397004774
layer_5_mlp_out,layer_22_mha_output_out,10,43,0.035754047883512885,0.15010566358439986,0.10065112230474633
layer_5_mlp_out,layer_22_mlp_out,10,44,0.4438026834308483,0.8973642548136588,-0.040474524284079265
layer_5_mlp_out,layer_23_mha_output_out,10,45,0.032029763880264905,0.15707642747027062,0.05541662710230087
layer_5_mlp_out,layer_23_mlp_out,10,46,0.4535479713741942,0.8896832327028521,0.25420522752468777
layer_5_mlp_out,layer_24_mha_output_out,10,47,0.022429038875103946,0.20556503173707752,-0.0961586862698574
layer_5_mlp_out,layer_24_mlp_out,10,48,0.3655728758058464,0.7368854762640785,0.10639698902123626
layer_5_mlp_out,layer_25_mha_output_out,10,49,0.01379988027586021,0.11900018829539973,-0.0014323350731410484
layer_5_mlp_out,layer_25_mlp_out,10,50,0.38809450447445937,0.7797039191536761,0.09222462098061678
layer_5_mlp_out,layer_26_mha_output_out,10,51,0.15606727054664915,0.3643318902326864,0.17575246973989544
layer_5_mlp_out,layer_26_mlp_out,10,52,0.42606141204971903,0.8612972372952848,0.0023151129990557403
layer_5_mlp_out,layer_27_mha_output_out,10,53,0.06643929965096351,0.2087125460611267,0.14240610139743112
layer_5_mlp_out,layer_27_mlp_out,10,54,0.2489250126942183,0.7232504589604056,-0.3963754733336254
layer_5_mlp_out,layer_28_mha_output_out,10,55,0.05942575414002871,0.17505817097689994,0.1983861892461712
layer_5_mlp_out,layer_28_mlp_out,10,56,-0.26930050613598344,0.5016936005758031,-0.7627596450661345
layer_6_mha_output_out,layer_1_mha_output_out,11,1,0.0,0.0,NaN
layer_6_mha_output_out,layer_1_mlp_out,11,2,0.0,0.0,NaN
layer_6_mha_output_out,layer_2_mha_output_out,11,3,0.0,0.0,NaN
layer_6_mha_output_out,layer_2_mlp_out,11,4,0.0,0.0,NaN
layer_6_mha_output_out,layer_3_mha_output_out,11,5,0.0,0.0,NaN
layer_6_mha_output_out,layer_3_mlp_out,11,6,0.0,0.0,NaN
layer_6_mha_output_out,layer_4_mha_output_out,11,7,0.0,0.0,NaN
layer_6_mha_output_out,layer_4_mlp_out,11,8,0.0,0.0,NaN
layer_6_mha_output_out,layer_5_mha_output_out,11,9,0.0,0.0,NaN
layer_6_mha_output_out,layer_5_mlp_out,11,10,0.0,0.0,NaN
layer_6_mha_output_out,layer_6_mha_output_out,11,11,1.0,Inf,NaN
layer_6_mha_output_out,layer_6_mlp_out,11,12,0.13472775315052832,0.6172140551906216,-0.432245425914332
layer_6_mha_output_out,layer_7_mha_output_out,11,13,0.029286661233693834,0.3095520716056476,-0.21868566563385167
layer_6_mha_output_out,layer_7_mlp_out,11,14,0.32185621552993404,0.8327219701308356,-0.5001415339701399
layer_6_mha_output_out,layer_8_mha_output_out,11,15,0.030455518419767902,0.33562984348213437,-0.2498875847925097
layer_6_mha_output_out,layer_8_mlp_out,11,16,0.29248337679362535,0.7919044175446583,-0.4600686189638038
layer_6_mha_output_out,layer_9_mha_output_out,11,17,0.018164377302461676,0.21226130010185754,-0.12746064311595667
layer_6_mha_output_out,layer_9_mlp_out,11,18,0.22374402648521918,0.7728840380350148,-0.561912715266417
layer_6_mha_output_out,layer_10_mha_output_out,11,19,-0.004751582127683562,0.22533810852869174,-0.24516542978463512
layer_6_mha_output_out,layer_10_mlp_out,11,20,0.3046626068485082,0.7608061508058496,-0.3290969448763756
layer_6_mha_output_out,layer_11_mha_output_out,11,21,0.0027828151886053476,0.31321842444473447,-0.3051606233735555
layer_6_mha_output_out,layer_11_mlp_out,11,22,0.32942666975269896,0.7838987539407065,-0.3090173855416512
layer_6_mha_output_out,layer_12_mha_output_out,11,23,-0.038006822086396275,0.23525959260850254,-0.37708979157406936
layer_6_mha_output_out,layer_12_mlp_out,11,24,0.28625278823868594,0.7291050471173925,-0.29892381491272657
layer_6_mha_output_out,layer_13_mha_output_out,11,25,0.0005690557833257781,0.1306427328630603,-0.12635638092782014
layer_6_mha_output_out,layer_13_mlp_out,11,26,0.2961701580773679,0.699121635216504,-0.16786273160222823
layer_6_mha_output_out,layer_14_mha_output_out,11,27,0.02976011385005628,0.19073219647570366,-0.03086201124456642
layer_6_mha_output_out,layer_14_mlp_out,11,28,0.19279508201749318,0.550771056037485,-0.1538701417552079
layer_6_mha_output_out,layer_15_mha_output_out,11,29,-0.012925952130491858,0.10008837349958834,-0.22471811093791882
layer_6_mha_output_out,layer_15_mlp_out,11,30,0.1484186054235871,0.5291140003503247,-0.2418780096152471
layer_6_mha_output_out,layer_16_mha_output_out,11,31,-0.08389559416021752,0.36076731043015986,-0.5339839565520345
layer_6_mha_output_out,layer_16_mlp_out,11,32,0.2863255753133772,0.6869791900246524,-0.17196765340400633
layer_6_mha_output_out,layer_17_mha_output_out,11,33,-0.003990945976131588,0.16339998123426488,-0.18698401233243583
layer_6_mha_output_out,layer_17_mlp_out,11,34,0.2854475671986282,0.6551718133607629,-0.07567167743530633
layer_6_mha_output_out,layer_18_mha_output_out,11,35,0.0019051811081559622,0.15909767352530313,-0.14738122454938313
layer_6_mha_output_out,layer_18_mlp_out,11,36,0.1708240080348552,0.5230555315536572,-0.1627038823288533
layer_6_mha_output_out,layer_19_mha_output_out,11,37,-0.010677781569654377,0.1761355777434615,-0.23364912065904428
layer_6_mha_output_out,layer_19_mlp_out,11,38,0.22774080739642355,0.5428365422739215,0.0006022770374422351
layer_6_mha_output_out,layer_20_mha_output_out,11,39,-0.04719669521246561,0.1956754627837212,-0.4076317938234098
layer_6_mha_output_out,layer_20_mlp_out,11,40,0.25903131998649287,0.6177489980601053,-0.07971538746363191
layer_6_mha_output_out,layer_21_mha_output_out,11,41,0.012034254360379637,0.2441023590836771,-0.1965965212825387
layer_6_mha_output_out,layer_21_mlp_out,11,42,0.39710301458180197,0.8255840701936491,-0.08137112960293791
layer_6_mha_output_out,layer_22_mha_output_out,11,43,0.03391264264359062,0.1490834214174709,0.08951826446061234
layer_6_mha_output_out,layer_22_mlp_out,11,44,0.4447865154351238,0.8993623591874821,-0.04329088233752337
layer_6_mha_output_out,layer_23_mha_output_out,11,45,0.03195472269919908,0.15635755054664757,0.05662738959563208
layer_6_mha_output_out,layer_23_mlp_out,11,46,0.45493331791314595,0.8918997456398398,0.26546688836748095
layer_6_mha_output_out,layer_24_mha_output_out,11,47,0.02431222947034195,0.20502975115785863,-0.08562968570779861
layer_6_mha_output_out,layer_24_mlp_out,11,48,0.36378650780482413,0.7352722781669161,0.09901442842292618
layer_6_mha_output_out,layer_25_mha_output_out,11,49,0.013974669499552617,0.11834184563846553,0.0014394790098792032
layer_6_mha_output_out,layer_25_mlp_out,11,50,0.38818240874797405,0.779661641109862,0.09334411019674647
layer_6_mha_output_out,layer_26_mha_output_out,11,51,0.1589551516417338,0.36653180796574936,0.18385245413197543
layer_6_mha_output_out,layer_26_mlp_out,11,52,0.41991551612469347,0.8495457747270589,0.009203205648814059
layer_6_mha_output_out,layer_27_mha_output_out,11,53,0.07020384420483972,0.2094685613185911,0.16332057813069226
layer_6_mha_output_out,layer_27_mlp_out,11,54,0.25277866340788036,0.7284478222532129,-0.39903873029642295
layer_6_mha_output_out,layer_28_mha_output_out,11,55,0.06116328557114814,0.1747801452335822,0.21175770498362242
layer_6_mha_output_out,layer_28_mlp_out,11,56,-0.2756667198792797,0.4995420142082526,-0.7664941660829674
layer_6_mlp_out,layer_1_mha_output_out,12,1,0.0,0.0,NaN
layer_6_mlp_out,layer_1_mlp_out,12,2,0.0,0.0,NaN
layer_6_mlp_out,layer_2_mha_output_out,12,3,0.0,0.0,NaN
layer_6_mlp_out,layer_2_mlp_out,12,4,0.0,0.0,NaN
layer_6_mlp_out,layer_3_mha_output_out,12,5,0.0,0.0,NaN
layer_6_mlp_out,layer_3_mlp_out,12,6,0.0,0.0,NaN
layer_6_mlp_out,layer_4_mha_output_out,12,7,0.0,0.0,NaN
layer_6_mlp_out,layer_4_mlp_out,12,8,0.0,0.0,NaN
layer_6_mlp_out,layer_5_mha_output_out,12,9,0.0,0.0,NaN
layer_6_mlp_out,layer_5_mlp_out,12,10,0.0,0.0,NaN
layer_6_mlp_out,layer_6_mha_output_out,12,11,0.0,0.0,NaN
layer_6_mlp_out,layer_6_mlp_out,12,12,1.0,Inf,NaN
layer_6_mlp_out,layer_7_mha_output_out,12,13,0.025947405620758812,0.2604304479371591,-0.16247162264800985
layer_6_mlp_out,layer_7_mlp_out,12,14,0.3054047903546333,0.820588528612935,-0.5082322266328696
layer_6_mlp_out,layer_8_mha_output_out,12,15,0.03906703136836032,0.355520598793502,-0.25138648223733356
layer_6_mlp_out,layer_8_mlp_out,12,16,0.3080057938125378,0.8101920558897686,-0.47002533275791714
layer_6_mlp_out,layer_9_mha_output_out,12,17,0.020424773936718155,0.21923508183340742,-0.12677203222001254
layer_6_mlp_out,layer_9_mlp_out,12,18,0.24246509608283762,0.7937113264097113,-0.5742548046565878
layer_6_mlp_out,layer_10_mha_output_out,12,19,-0.014354582595108134,0.23395667433511438,-0.29033546610954875
layer_6_mlp_out,layer_10_mlp_out,12,20,0.2951240059713035,0.762326483596237,-0.3665867841151033
layer_6_mlp_out,layer_11_mha_output_out,12,21,-0.012948473736089872,0.31029228768236045,-0.347052425286306
layer_6_mlp_out,layer_11_mlp_out,12,22,0.360290197743963,0.8208706058129681,-0.3085205228996937
layer_6_mlp_out,layer_12_mha_output_out,12,23,-0.03927463241936047,0.2451068270185625,-0.38474650742221733
layer_6_mlp_out,layer_12_mlp_out,12,24,0.28235308659974834,0.7324095469691084,-0.321848995550389
layer_6_mlp_out,layer_13_mha_output_out,12,25,0.0049246138778925586,0.1378318906962035,-0.10243287411585346
layer_6_mlp_out,layer_13_mlp_out,12,26,0.2764340795349737,0.6809447992487763,-0.19401835841698767
layer_6_mlp_out,layer_14_mha_output_out,12,27,0.03867781901625622,0.1989192821352295,0.0034837362312921368
layer_6_mlp_out,layer_14_mlp_out,12,28,0.1810238693666425,0.5529360896358706,-0.1966524165443425
layer_6_mlp_out,layer_15_mha_output_out,12,29,-0.01412631652345886,0.10163201312237742,-0.23541145819738526
layer_6_mlp_out,layer_15_mlp_out,12,30,0.16481000541981372,0.5409029458485998,-0.21937185320733485
layer_6_mlp_out,layer_16_mha_output_out,12,31,-0.09316564662180804,0.35659648133063837,-0.5488201583431456
layer_6_mlp_out,layer_16_mlp_out,12,32,0.26491199934074783,0.6507899501917134,-0.1516999315902762
layer_6_mlp_out,layer_17_mha_output_out,12,33,-0.0024081721916016097,0.1719445492124911,-0.18547084615483098
layer_6_mlp_out,layer_17_mlp_out,12,34,0.2729285060014136,0.6397160333177834,-0.0847292661992942
layer_6_mlp_out,layer_18_mha_output_out,12,35,0.01318314216076244,0.16269572303510768,-0.08167491335065521
layer_6_mlp_out,layer_18_mlp_out,12,36,0.18208811793007484,0.5265817999606268,-0.13353520627588053
layer_6_mlp_out,layer_19_mha_output_out,12,37,-0.011010652627975848,0.18339740428731768,-0.24016510392716825
layer_6_mlp_out,layer_19_mlp_out,12,38,0.2303330174416578,0.5602961483958981,-0.037360684937527124
layer_6_mlp_out,layer_20_mha_output_out,12,39,-0.04603659483564648,0.19970672203383721,-0.4023737158626201
layer_6_mlp_out,layer_20_mlp_out,12,40,0.2279867769223699,0.5779054074774836,-0.09493153021330644
layer_6_mlp_out,layer_21_mha_output_out,12,41,0.006150632787020327,0.24367964399460454,-0.2196420848617702
layer_6_mlp_out,layer_21_mlp_out,12,42,0.3579939082561828,0.7682120609997407,-0.09572686699894822
layer_6_mlp_out,layer_22_mha_output_out,12,43,0.04101638938984309,0.15050663858385147,0.13964412357346764
layer_6_mlp_out,layer_22_mlp_out,12,44,0.4603537141571239,0.9235690049138867,0.0006333755809599444
layer_6_mlp_out,layer_23_mha_output_out,12,45,0.034912221204466465,0.1628011707495764,0.06163306518282504
layer_6_mlp_out,layer_23_mlp_out,12,46,0.45636257602794217,0.8960798937183397,0.2537415519516767
layer_6_mlp_out,layer_24_mha_output_out,12,47,0.011912940676811146,0.19697549521918556,-0.13742387979423884
layer_6_mlp_out,layer_24_mlp_out,12,48,0.3456392052207703,0.7060292298524101,0.0892578604508859
layer_6_mlp_out,layer_25_mha_output_out,12,49,0.014273190305189365,0.11861020175022902,0.0035201860714435345
layer_6_mlp_out,layer_25_mlp_out,12,50,0.3652160794145334,0.7413132968822759,0.08193538035059898
layer_6_mlp_out,layer_26_mha_output_out,12,51,0.14372496505646437,0.34715033076116575,0.16385860185900689
layer_6_mlp_out,layer_26_mlp_out,12,52,0.40660184020107193,0.8255194829048322,0.014340926342487873
layer_6_mlp_out,layer_27_mha_output_out,12,53,0.07594483834058618,0.20648233985421086,0.20870161868278
layer_6_mlp_out,layer_27_mlp_out,12,54,0.2100372414099122,0.6876860756739503,-0.41008773162753565
layer_6_mlp_out,layer_28_mha_output_out,12,55,0.06766025691818622,0.1785928430058591,0.24557400114982686
layer_6_mlp_out,layer_28_mlp_out,12,56,-0.2509136664881193,0.5075988711690097,-0.7519354610859375
layer_7_mha_output_out,layer_1_mha_output_out,13,1,0.0,0.0,NaN
layer_7_mha_output_out,layer_1_mlp_out,13,2,0.0,0.0,NaN
layer_7_mha_output_out,layer_2_mha_output_out,13,3,0.0,0.0,NaN
layer_7_mha_output_out,layer_2_mlp_out,13,4,0.0,0.0,NaN
layer_7_mha_output_out,layer_3_mha_output_out,13,5,0.0,0.0,NaN
layer_7_mha_output_out,layer_3_mlp_out,13,6,0.0,0.0,NaN
layer_7_mha_output_out,layer_4_mha_output_out,13,7,0.0,0.0,NaN
layer_7_mha_output_out,layer_4_mlp_out,13,8,0.0,0.0,NaN
layer_7_mha_output_out,layer_5_mha_output_out,13,9,0.0,0.0,NaN
layer_7_mha_output_out,layer_5_mlp_out,13,10,0.0,0.0,NaN
layer_7_mha_output_out,layer_6_mha_output_out,13,11,0.0,0.0,NaN
layer_7_mha_output_out,layer_6_mlp_out,13,12,0.0,0.0,NaN
layer_7_mha_output_out,layer_7_mha_output_out,13,13,1.0,Inf,NaN
layer_7_mha_output_out,layer_7_mlp_out,13,14,0.31588422678582473,0.8296911659056494,-0.507506067380173
layer_7_mha_output_out,layer_8_mha_output_out,13,15,0.04808176042616075,0.36495127280076245,-0.23859994514433452
layer_7_mha_output_out,layer_8_mlp_out,13,16,0.3084560671271044,0.8121847454760552,-0.47476272150267407
layer_7_mha_output_out,layer_9_mha_output_out,13,17,0.02042265564700929,0.21982468062949476,-0.12764467438708132
layer_7_mha_output_out,layer_9_mlp_out,13,18,0.24404201576762985,0.7961948257398519,-0.5770076087218293
layer_7_mha_output_out,layer_10_mha_output_out,13,19,-0.014423412517176715,0.23597151299303487,-0.29207317646085196
layer_7_mha_output_out,layer_10_mlp_out,13,20,0.30052382595376614,0.7700458747031491,-0.37187727081232463
layer_7_mha_output_out,layer_11_mha_output_out,13,21,-0.005852219354735677,0.31140217287027877,-0.3281765672326509
layer_7_mha_output_out,layer_11_mlp_out,13,22,0.3581124590402607,0.8180659961329115,-0.3078191213916139
layer_7_mha_output_out,layer_12_mha_output_out,13,23,-0.035216401047452495,0.2445745257697218,-0.3710443384367403
layer_7_mha_output_out,layer_12_mlp_out,13,24,0.2789370710819753,0.7293914130917432,-0.3245969658777892
layer_7_mha_output_out,layer_13_mha_output_out,13,25,0.0028959757243117723,0.1378899369848975,-0.1171671558371733
layer_7_mha_output_out,layer_13_mlp_out,13,26,0.273788185047277,0.6766565408724994,-0.1918043902817149
layer_7_mha_output_out,layer_14_mha_output_out,13,27,0.04044811650016855,0.20008745611464185,0.011051951109997231
layer_7_mha_output_out,layer_14_mlp_out,13,28,0.18017330482023586,0.5516323808405901,-0.19639467064945712
layer_7_mha_output_out,layer_15_mha_output_out,13,29,-0.01471733541813336,0.10243593532632216,-0.2405369525221802
layer_7_mha_output_out,layer_15_mlp_out,13,30,0.15727299628844427,0.5367438964604739,-0.23242328119389094
layer_7_mha_output_out,layer_16_mha_output_out,13,31,-0.08602891463421924,0.3598645093313748,-0.537415839982652
layer_7_mha_output_out,layer_16_mlp_out,13,32,0.25369983865402757,0.6421962960303588,-0.17097207743072282
layer_7_mha_output_out,layer_17_mha_output_out,13,33,-0.0006269856623462022,0.17208104042867878,-0.1756122687895346
layer_7_mha_output_out,layer_17_mlp_out,13,34,0.26835659454295613,0.6363988751571856,-0.09483794885763085
layer_7_mha_output_out,layer_18_mha_output_out,13,35,0.012666107573288787,0.16269377175590355,-0.08493215159388705
layer_7_mha_output_out,layer_18_mlp_out,13,36,0.1775907596024786,0.5228247739184066,-0.1400400904259852
layer_7_mha_output_out,layer_19_mha_output_out,13,37,-0.01433179532794715,0.18338311846823702,-0.25680264821798715
layer_7_mha_output_out,layer_19_mlp_out,13,38,0.23059641419046806,0.5609607972378652,-0.03810495196487381
layer_7_mha_output_out,layer_20_mha_output_out,13,39,-0.041953816959077184,0.19894053320196572,-0.38580138599099617
layer_7_mha_output_out,layer_20_mlp_out,13,40,0.22542340852840104,0.5761126883206225,-0.10008112558186397
layer_7_mha_output_out,layer_21_mha_output_out,13,41,0.00719438001463879,0.24577499194397318,-0.2178694428385974
layer_7_mha_output_out,layer_21_mlp_out,13,42,0.3617763363894002,0.7736705685546545,-0.09464570477821493
layer_7_mha_output_out,layer_22_mha_output_out,13,43,0.03991592658259657,0.1499898433469679,0.13271632734349062
layer_7_mha_output_out,layer_22_mlp_out,13,44,0.4613177269164571,0.9252938928830475,0.0016033810847774128
layer_7_mha_output_out,layer_23_mha_output_out,13,45,0.03438823151651249,0.16174414862745382,0.060594215864469
layer_7_mha_output_out,layer_23_mlp_out,13,46,0.45877076905587677,0.9021888224927739,0.24518564033589996
layer_7_mha_output_out,layer_24_mha_output_out,13,47,0.006423175185029328,0.19574245484651268,-0.16377465303669536
layer_7_mha_output_out,layer_24_mlp_out,13,48,0.3617529023328354,0.7295803558922365,0.10916833399867928
layer_7_mha_output_out,layer_25_mha_output_out,13,49,0.013768131478020806,0.11870626812534457,-0.0011178115916919583
layer_7_mha_output_out,layer_25_mlp_out,13,50,0.3767819231682047,0.7616657337250493,0.08114724154449719
layer_7_mha_output_out,layer_26_mha_output_out,13,51,0.14752218507120962,0.35440970836238694,0.1618841896011124
layer_7_mha_output_out,layer_26_mlp_out,13,52,0.4164919915358182,0.8434916380758128,0.009503330034088158
layer_7_mha_output_out,layer_27_mha_output_out,13,53,0.07317639412692678,0.2051625786028094,0.19507547132523756
layer_7_mha_output_out,layer_27_mlp_out,13,54,0.2147723181965948,0.6949459602067982,-0.41482975182461473
layer_7_mha_output_out,layer_28_mha_output_out,13,55,0.06751950012664365,0.17987565162901653,0.2400537245464433
layer_7_mha_output_out,layer_28_mlp_out,13,56,-0.25812413867377204,0.5089874936153701,-0.7568035162299849
layer_7_mlp_out,layer_1_mha_output_out,14,1,0.0,0.0,NaN
layer_7_mlp_out,layer_1_mlp_out,14,2,0.0,0.0,NaN
layer_7_mlp_out,layer_2_mha_output_out,14,3,0.0,0.0,NaN
layer_7_mlp_out,layer_2_mlp_out,14,4,0.0,0.0,NaN
layer_7_mlp_out,layer_3_mha_output_out,14,5,0.0,0.0,NaN
layer_7_mlp_out,layer_3_mlp_out,14,6,0.0,0.0,NaN
layer_7_mlp_out,layer_4_mha_output_out,14,7,0.0,0.0,NaN
layer_7_mlp_out,layer_4_mlp_out,14,8,0.0,0.0,NaN
layer_7_mlp_out,layer_5_mha_output_out,14,9,0.0,0.0,NaN
layer_7_mlp_out,layer_5_mlp_out,14,10,0.0,0.0,NaN
layer_7_mlp_out,layer_6_mha_output_out,14,11,0.0,0.0,NaN
layer_7_mlp_out,layer_6_mlp_out,14,12,0.0,0.0,NaN
layer_7_mlp_out,layer_7_mha_output_out,14,13,0.0,0.0,NaN
layer_7_mlp_out,layer_7_mlp_out,14,14,1.0,Inf,NaN
layer_7_mlp_out,layer_8_mha_output_out,14,15,0.02736025153963384,0.3180890399790717,-0.2363021749070136
layer_7_mlp_out,layer_8_mlp_out,14,16,0.3452792437608754,0.8499278948747214,-0.4854555429632478
layer_7_mlp_out,layer_9_mha_output_out,14,17,0.024607770994968914,0.22464669817949195,-0.11525090553747167
layer_7_mlp_out,layer_9_mlp_out,14,18,0.29491519988658443,0.8177239797223753,-0.5263945035526656
layer_7_mlp_out,layer_10_mha_output_out,14,19,-0.004905816094553428,0.23617585238704158,-0.25559852737893685
layer_7_mlp_out,layer_10_mlp_out,14,20,0.3435352360546893,0.8252364861906197,-0.40089427757948115
layer_7_mlp_out,layer_11_mha_output_out,14,21,-0.013463568608852894,0.30832162432890176,-0.34680164439794303
layer_7_mlp_out,layer_11_mlp_out,14,22,0.3391102127217891,0.8118661583377068,-0.36938885913285174
layer_7_mlp_out,layer_12_mha_output_out,14,23,-0.03554301101582924,0.24112823919866871,-0.3707466937327284
layer_7_mlp_out,layer_12_mlp_out,14,24,0.2965437561496749,0.7516682261879192,-0.3299273300043728
layer_7_mlp_out,layer_13_mha_output_out,14,25,0.004548016830067336,0.14173575742082195,-0.11000373961583214
layer_7_mlp_out,layer_13_mlp_out,14,26,0.27415672451650686,0.6841519614449211,-0.21223169712752088
layer_7_mlp_out,layer_14_mha_output_out,14,27,0.04446499727431219,0.20440514674112958,0.024386024766145396
layer_7_mlp_out,layer_14_mlp_out,14,28,0.18457273367076732,0.5630168260482807,-0.20808469992279793
layer_7_mlp_out,layer_15_mha_output_out,14,29,-0.015009847918435293,0.10249883303793315,-0.24317644975474617
layer_7_mlp_out,layer_15_mlp_out,14,30,0.16909897031447518,0.5402528200950144,-0.20534376274202887
layer_7_mlp_out,layer_16_mha_output_out,14,31,-0.08626907348555557,0.35198268097718816,-0.5351148332264676
layer_7_mlp_out,layer_16_mlp_out,14,32,0.2441447289586185,0.6335900866241634,-0.18285131266026144
layer_7_mlp_out,layer_17_mha_output_out,14,33,-0.005336715267733494,0.1723181276828909,-0.20205129265235144
layer_7_mlp_out,layer_17_mlp_out,14,34,0.2654405361250677,0.6371798894992232,-0.10969504984270584
layer_7_mlp_out,layer_18_mha_output_out,14,35,0.016926057068982647,0.1597022643535842,-0.052801498278701404
layer_7_mlp_out,layer_18_mlp_out,14,36,0.2070749530388465,0.5530868903761083,-0.10951241134781242
layer_7_mlp_out,layer_19_mha_output_out,14,37,-0.020331268111478007,0.18753279984450233,-0.2880473100145451
layer_7_mlp_out,layer_19_mlp_out,14,38,0.22368034095569533,0.5607206289318543,-0.06583427167940537
layer_7_mlp_out,layer_20_mha_output_out,14,39,-0.037917228540904624,0.20270980918302248,-0.36943209098533847
layer_7_mlp_out,layer_20_mlp_out,14,40,0.22724240562622466,0.5866280591358305,-0.12089633313499383
layer_7_mlp_out,layer_21_mha_output_out,14,41,0.008426425838507612,0.24484083517735866,-0.21193345182396214
layer_7_mlp_out,layer_21_mlp_out,14,42,0.3603980559010719,0.769276490896811,-0.08431513175506868
layer_7_mlp_out,layer_22_mha_output_out,14,43,0.03760541998376399,0.14813245880487658,0.12035348070935518
layer_7_mlp_out,layer_22_mlp_out,14,44,0.44004014271465,0.8892959315568953,-0.026279675380471577
layer_7_mlp_out,layer_23_mha_output_out,14,45,0.03697104357556236,0.16629214951594426,0.06714665945304889
layer_7_mlp_out,layer_23_mlp_out,14,46,0.457123317119851,0.8981225317683219,0.2496319466407605
layer_7_mlp_out,layer_24_mha_output_out,14,47,0.010773850612056157,0.18481589589274056,-0.1272720950425641
layer_7_mlp_out,layer_24_mlp_out,14,48,0.36634509739059695,0.7362259704684874,0.1162902351698831
layer_7_mlp_out,layer_25_mha_output_out,14,49,0.014932634162066138,0.11566127719764664,0.01563952828428347
layer_7_mlp_out,layer_25_mlp_out,14,50,0.3775944666006201,0.7639723753289848,0.07659307490120085
layer_7_mlp_out,layer_26_mha_output_out,14,51,0.14615203346435768,0.356332625878669,0.14964379555379467
layer_7_mlp_out,layer_26_mlp_out,14,52,0.4249685343394468,0.8632030631074301,-0.02700927099444672
layer_7_mlp_out,layer_27_mha_output_out,14,53,0.07505799470389585,0.2092867229095414,0.19421364670311414
layer_7_mlp_out,layer_27_mlp_out,14,54,0.19267321619345468,0.6616542541047975,-0.39529903245486697
layer_7_mlp_out,layer_28_mha_output_out,14,55,0.06239335641026078,0.17845688626407874,0.20829745173784325
layer_7_mlp_out,layer_28_mlp_out,14,56,-0.23939418424299297,0.5096436472170363,-0.7447840211765462
layer_8_mha_output_out,layer_1_mha_output_out,15,1,0.0,0.0,NaN
layer_8_mha_output_out,layer_1_mlp_out,15,2,0.0,0.0,NaN
layer_8_mha_output_out,layer_2_mha_output_out,15,3,0.0,0.0,NaN
layer_8_mha_output_out,layer_2_mlp_out,15,4,0.0,0.0,NaN
layer_8_mha_output_out,layer_3_mha_output_out,15,5,0.0,0.0,NaN
layer_8_mha_output_out,layer_3_mlp_out,15,6,0.0,0.0,NaN
layer_8_mha_output_out,layer_4_mha_output_out,15,7,0.0,0.0,NaN
layer_8_mha_output_out,layer_4_mlp_out,15,8,0.0,0.0,NaN
layer_8_mha_output_out,layer_5_mha_output_out,15,9,0.0,0.0,NaN
layer_8_mha_output_out,layer_5_mlp_out,15,10,0.0,0.0,NaN
layer_8_mha_output_out,layer_6_mha_output_out,15,11,0.0,0.0,NaN
layer_8_mha_output_out,layer_6_mlp_out,15,12,0.0,0.0,NaN
layer_8_mha_output_out,layer_7_mha_output_out,15,13,0.0,0.0,NaN
layer_8_mha_output_out,layer_7_mlp_out,15,14,0.0,0.0,NaN
layer_8_mha_output_out,layer_8_mha_output_out,15,15,1.0,Inf,NaN
layer_8_mha_output_out,layer_8_mlp_out,15,16,0.36478426528313146,0.8642718620559897,-0.46935322377054495
layer_8_mha_output_out,layer_9_mha_output_out,15,17,0.02522495017155113,0.23063180788554724,-0.12157429394938842
layer_8_mha_output_out,layer_9_mlp_out,15,18,0.30390509405621224,0.8238681003367201,-0.52172308672668
layer_8_mha_output_out,layer_10_mha_output_out,15,19,-0.004821965599915323,0.23742140961702157,-0.2564032459067345
layer_8_mha_output_out,layer_10_mlp_out,15,20,0.3616276611280327,0.8427690003692495,-0.3935243792682594
layer_8_mha_output_out,layer_11_mha_output_out,15,21,-0.008052790874573557,0.30889448137164205,-0.33210294715612454
layer_8_mha_output_out,layer_11_mlp_out,15,22,0.3406473064553919,0.8128039479839507,-0.36655492945928836
layer_8_mha_output_out,layer_12_mha_output_out,15,23,-0.034410716406317654,0.23868633274606676,-0.36588600159595264
layer_8_mha_output_out,layer_12_mlp_out,15,24,0.3011452719943255,0.7517860168829743,-0.3138373711771416
layer_8_mha_output_out,layer_13_mha_output_out,15,25,0.004092091157977817,0.14015282480277458,-0.11129279664413086
layer_8_mha_output_out,layer_13_mlp_out,15,26,0.27924442499093294,0.6877034146308736,-0.2029676994603509
layer_8_mha_output_out,layer_14_mha_output_out,15,27,0.04439847192756663,0.20381311213365844,0.0253236782440261
layer_8_mha_output_out,layer_14_mlp_out,15,28,0.18305270060564438,0.5612126618654528,-0.20872186701195192
layer_8_mha_output_out,layer_15_mha_output_out,15,29,-0.016471873004053617,0.10340149754654135,-0.25597217138055506
layer_8_mha_output_out,layer_15_mlp_out,15,30,0.1728193132981779,0.5422541756973126,-0.19841760961820568
layer_8_mha_output_out,layer_16_mha_output_out,15,31,-0.08878330321694383,0.3501956479594627,-0.5390880079218419
layer_8_mha_output_out,layer_16_mlp_out,15,32,0.24546599228421317,0.6316474093412223,-0.17283955313229915
layer_8_mha_output_out,layer_17_mha_output_out,15,33,-0.004641728637958309,0.17152361057502263,-0.19754759942115105
layer_8_mha_output_out,layer_17_mlp_out,15,34,0.26227968363348086,0.6306355656057167,-0.10376749266330447
layer_8_mha_output_out,layer_18_mha_output_out,15,35,0.018122390224958207,0.15912100715689184,-0.04393930419854527
layer_8_mha_output_out,layer_18_mlp_out,15,36,0.20621615918143332,0.5500231082693897,-0.10496958648486839
layer_8_mha_output_out,layer_19_mha_output_out,15,37,-0.020510203999756005,0.184907609825104,-0.2878151693477021
layer_8_mha_output_out,layer_19_mlp_out,15,38,0.22143249167921075,0.5553447984666939,-0.060386920146543885
layer_8_mha_output_out,layer_20_mha_output_out,15,39,-0.03574709775362761,0.20206554628429593,-0.3604286712862218
layer_8_mha_output_out,layer_20_mlp_out,15,40,0.2302217767171959,0.5890049900084895,-0.11590564001951359
layer_8_mha_output_out,layer_21_mha_output_out,15,41,0.013208952110126515,0.242527723383878,-0.1898766503171472
layer_8_mha_output_out,layer_21_mlp_out,15,42,0.36655845093703165,0.7738183198585368,-0.06170399762210119
layer_8_mha_output_out,layer_22_mha_output_out,15,43,0.039000791157014936,0.14617955937968372,0.13700906225829024
layer_8_mha_output_out,layer_22_mlp_out,15,44,0.4413665191338034,0.8905600962469831,-0.016126831594165034
layer_8_mha_output_out,layer_23_mha_output_out,15,45,0.037813855036926025,0.1662598070143417,0.0729851609515322
layer_8_mha_output_out,layer_23_mlp_out,15,46,0.4572100200918576,0.8970224327982488,0.26644826935013766
layer_8_mha_output_out,layer_24_mha_output_out,15,47,0.009756165568461594,0.1843072452857915,-0.13215348713681546
layer_8_mha_output_out,layer_24_mlp_out,15,48,0.36738441163915536,0.736214467870921,0.12546580022753273
layer_8_mha_output_out,layer_25_mha_output_out,15,49,0.01542625790755825,0.11530427852922091,0.020906848929608576
layer_8_mha_output_out,layer_25_mlp_out,15,50,0.3779739600216966,0.7628125431810705,0.0860930447035152
layer_8_mha_output_out,layer_26_mha_output_out,15,51,0.14934472781310082,0.35413829064277125,0.17176900631849576
layer_8_mha_output_out,layer_26_mlp_out,15,52,0.42153543837801577,0.8554999884323521,-0.013640961588090594
layer_8_mha_output_out,layer_27_mha_output_out,15,53,0.0746505990647337,0.20833395928570295,0.19459307351063823
layer_8_mha_output_out,layer_27_mlp_out,15,54,0.20748659406102665,0.6683102319827023,-0.37465005983931604
layer_8_mha_output_out,layer_28_mha_output_out,15,55,0.060789905285827506,0.17734510762501107,0.200602337452373
layer_8_mha_output_out,layer_28_mlp_out,15,56,-0.2483388511052127,0.5082586387031671,-0.7503861681874239
layer_8_mlp_out,layer_1_mha_output_out,16,1,0.0,0.0,NaN
layer_8_mlp_out,layer_1_mlp_out,16,2,0.0,0.0,NaN
layer_8_mlp_out,layer_2_mha_output_out,16,3,0.0,0.0,NaN
layer_8_mlp_out,layer_2_mlp_out,16,4,0.0,0.0,NaN
layer_8_mlp_out,layer_3_mha_output_out,16,5,0.0,0.0,NaN
layer_8_mlp_out,layer_3_mlp_out,16,6,0.0,0.0,NaN
layer_8_mlp_out,layer_4_mha_output_out,16,7,0.0,0.0,NaN
layer_8_mlp_out,layer_4_mlp_out,16,8,0.0,0.0,NaN
layer_8_mlp_out,layer_5_mha_output_out,16,9,0.0,0.0,NaN
layer_8_mlp_out,layer_5_mlp_out,16,10,0.0,0.0,NaN
layer_8_mlp_out,layer_6_mha_output_out,16,11,0.0,0.0,NaN
layer_8_mlp_out,layer_6_mlp_out,16,12,0.0,0.0,NaN
layer_8_mlp_out,layer_7_mha_output_out,16,13,0.0,0.0,NaN
layer_8_mlp_out,layer_7_mlp_out,16,14,0.0,0.0,NaN
layer_8_mlp_out,layer_8_mha_output_out,16,15,0.0,0.0,NaN
layer_8_mlp_out,layer_8_mlp_out,16,16,1.0,Inf,NaN
layer_8_mlp_out,layer_9_mha_output_out,16,17,0.02657242484497513,0.2234968189664924,-0.10420178115728777
layer_8_mlp_out,layer_9_mlp_out,16,18,0.37521711368216926,0.8837244049978535,-0.5110867810210366
layer_8_mlp_out,layer_10_mha_output_out,16,19,0.00299360680679317,0.24122253112176428,-0.22946411045157714
layer_8_mlp_out,layer_10_mlp_out,16,20,0.3683595684115969,0.8557969155414163,-0.4182879633030197
layer_8_mlp_out,layer_11_mha_output_out,16,21,-0.011487552023760506,0.31104926324367715,-0.3436584846418231
layer_8_mlp_out,layer_11_mlp_out,16,22,0.3258046297815218,0.8005880691632441,-0.38117009252658873
layer_8_mlp_out,layer_12_mha_output_out,16,23,-0.03622715637478047,0.2491962471760652,-0.37633298202926774
layer_8_mlp_out,layer_12_mlp_out,16,24,0.29230239792606927,0.7561383641830035,-0.35759843457940604
layer_8_mlp_out,layer_13_mha_output_out,16,25,0.00501139858562194,0.14369693736228467,-0.10919649245008899
layer_8_mlp_out,layer_13_mlp_out,16,26,0.26479854740764297,0.6799526749555705,-0.23483159108786175
layer_8_mlp_out,layer_14_mha_output_out,16,27,0.045535125399457255,0.2053860079956126,0.028243513266843545
layer_8_mlp_out,layer_14_mlp_out,16,28,0.2042811233190699,0.591159559721312,-0.21107339926053342
layer_8_mlp_out,layer_15_mha_output_out,16,29,-0.015661840583469422,0.10624769974901185,-0.24756581148480225
layer_8_mlp_out,layer_15_mlp_out,16,30,0.17413418235559763,0.555975862872212,-0.22395243739979684
layer_8_mlp_out,layer_16_mha_output_out,16,31,-0.08627094511223476,0.35405443478721377,-0.535814384874594
layer_8_mlp_out,layer_16_mlp_out,16,32,0.25415350157868444,0.6369172518535755,-0.15457933648321254
layer_8_mlp_out,layer_17_mha_output_out,16,33,-0.009429593979114248,0.17510569641076584,-0.2263391684568711
layer_8_mlp_out,layer_17_mlp_out,16,34,0.24726977315819842,0.6252183297554605,-0.14863132095418066
layer_8_mlp_out,layer_18_mha_output_out,16,35,0.019494340498069196,0.1622802852117223,-0.040570950172222627
layer_8_mlp_out,layer_18_mlp_out,16,36,0.2255644111118661,0.5769212002917001,-0.10167909587260139
layer_8_mlp_out,layer_19_mha_output_out,16,37,-0.021503216867429176,0.1836997850453992,-0.29214222460943545
layer_8_mlp_out,layer_19_mlp_out,16,38,0.22418468111175716,0.562572474256706,-0.06880173180556332
layer_8_mlp_out,layer_20_mha_output_out,16,39,-0.03529995379002493,0.19984414795694747,-0.3582440554030008
layer_8_mlp_out,layer_20_mlp_out,16,40,0.23277904199326782,0.5964971685769086,-0.12611622724837282
layer_8_mlp_out,layer_21_mha_output_out,16,41,0.017463691760322253,0.2350631451052494,-0.16233437054137226
layer_8_mlp_out,layer_21_mlp_out,16,42,0.36080033349262197,0.7628788824709223,-0.052752160970477795
layer_8_mlp_out,layer_22_mha_output_out,16,43,0.03989392351967602,0.14646863091744225,0.14316956076392195
layer_8_mlp_out,layer_22_mlp_out,16,44,0.4466924206256403,0.9005031505632194,-0.020706484425491157
layer_8_mlp_out,layer_23_mha_output_out,16,45,0.037614487934541696,0.17052926409552954,0.061053038026381616
layer_8_mlp_out,layer_23_mlp_out,16,46,0.44443700972286404,0.8688363559865188,0.2595072529185095
layer_8_mlp_out,layer_24_mha_output_out,16,47,0.010499161576124294,0.1778360212206879,-0.11943845770265496
layer_8_mlp_out,layer_24_mlp_out,16,48,0.3630194258326148,0.7238316248895843,0.14767786852494988
layer_8_mlp_out,layer_25_mha_output_out,16,49,0.013828269318190811,0.11451810155497086,0.00803965580336385
layer_8_mlp_out,layer_25_mlp_out,16,50,0.3695870795258278,0.7492602649196816,0.08022954686179466
layer_8_mlp_out,layer_26_mha_output_out,16,51,0.1448522238034301,0.35043102863212205,0.1600518700461754
layer_8_mlp_out,layer_26_mlp_out,16,52,0.40459315326583645,0.8275821390180838,-0.02024107997794378
layer_8_mlp_out,layer_27_mha_output_out,16,53,0.07985691800113137,0.21754231367740917,0.19864277280700954
layer_8_mlp_out,layer_27_mlp_out,16,54,0.2072095068671176,0.657478810521982,-0.35193296844522404
layer_8_mlp_out,layer_28_mha_output_out,16,55,0.05614080265712984,0.17153270187349676,0.186305131991392
layer_8_mlp_out,layer_28_mlp_out,16,56,-0.23153055620518126,0.5051307843531506,-0.7384801841842762
layer_9_mha_output_out,layer_1_mha_output_out,17,1,0.0,0.0,NaN
layer_9_mha_output_out,layer_1_mlp_out,17,2,0.0,0.0,NaN
layer_9_mha_output_out,layer_2_mha_output_out,17,3,0.0,0.0,NaN
layer_9_mha_output_out,layer_2_mlp_out,17,4,0.0,0.0,NaN
layer_9_mha_output_out,layer_3_mha_output_out,17,5,0.0,0.0,NaN
layer_9_mha_output_out,layer_3_mlp_out,17,6,0.0,0.0,NaN
layer_9_mha_output_out,layer_4_mha_output_out,17,7,0.0,0.0,NaN
layer_9_mha_output_out,layer_4_mlp_out,17,8,0.0,0.0,NaN
layer_9_mha_output_out,layer_5_mha_output_out,17,9,0.0,0.0,NaN
layer_9_mha_output_out,layer_5_mlp_out,17,10,0.0,0.0,NaN
layer_9_mha_output_out,layer_6_mha_output_out,17,11,0.0,0.0,NaN
layer_9_mha_output_out,layer_6_mlp_out,17,12,0.0,0.0,NaN
layer_9_mha_output_out,layer_7_mha_output_out,17,13,0.0,0.0,NaN
layer_9_mha_output_out,layer_7_mlp_out,17,14,0.0,0.0,NaN
layer_9_mha_output_out,layer_8_mha_output_out,17,15,0.0,0.0,NaN
layer_9_mha_output_out,layer_8_mlp_out,17,16,0.0,0.0,NaN
layer_9_mha_output_out,layer_9_mha_output_out,17,17,1.0,Inf,NaN
layer_9_mha_output_out,layer_9_mlp_out,17,18,0.36725062156987776,0.874499781163561,-0.5023907422654914
layer_9_mha_output_out,layer_10_mha_output_out,17,19,0.007540383680273766,0.25122514768401893,-0.22267446934560367
layer_9_mha_output_out,layer_10_mlp_out,17,20,0.3672782113250954,0.8540381432386919,-0.4156046544520345
layer_9_mha_output_out,layer_11_mha_output_out,17,21,-0.011690523173322864,0.3080941941671061,-0.34165242494308895
layer_9_mha_output_out,layer_11_mlp_out,17,22,0.3306730092343758,0.8014031361926407,-0.3655152251013805
layer_9_mha_output_out,layer_12_mha_output_out,17,23,-0.03598146646422884,0.24911643005851283,-0.3754946523559309
layer_9_mha_output_out,layer_12_mlp_out,17,24,0.2919697616282815,0.7554119057901328,-0.3565597531949094
layer_9_mha_output_out,layer_13_mha_output_out,17,25,0.00607360683035707,0.1436900754613031,-0.10178496374936427
layer_9_mha_output_out,layer_13_mlp_out,17,26,0.26690178536790043,0.681593127059431,-0.23185398112768285
layer_9_mha_output_out,layer_14_mha_output_out,17,27,0.04354077690490776,0.20345236247281323,0.021267837182027474
layer_9_mha_output_out,layer_14_mlp_out,17,28,0.20205625598170374,0.5876969671457437,-0.21000414620305824
layer_9_mha_output_out,layer_15_mha_output_out,17,29,-0.015452146181634374,0.10545662132055121,-0.24600949126225594
layer_9_mha_output_out,layer_15_mlp_out,17,30,0.17236967936749592,0.5540822902569202,-0.22507823262708887
layer_9_mha_output_out,layer_16_mha_output_out,17,31,-0.08613352085578341,0.3526760246411121,-0.5351013768463515
layer_9_mha_output_out,layer_16_mlp_out,17,32,0.2575226339572071,0.6360426285638201,-0.13890902996438817
layer_9_mha_output_out,layer_17_mha_output_out,17,33,-0.009538710592319033,0.17519770353737413,-0.22698400311204286
layer_9_mha_output_out,layer_17_mlp_out,17,34,0.24697426073580464,0.6209427607718682,-0.13801974707369435
layer_9_mha_output_out,layer_18_mha_output_out,17,35,0.02016067218813311,0.1619178457821794,-0.035576217339224454
layer_9_mha_output_out,layer_18_mlp_out,17,36,0.22775154606208503,0.5774500878051886,-0.09463024904155991
layer_9_mha_output_out,layer_19_mha_output_out,17,37,-0.023306469260869545,0.18229058290033934,-0.30039044300689516
layer_9_mha_output_out,layer_19_mlp_out,17,38,0.2239241502072904,0.5611937803031126,-0.06613215942111851
layer_9_mha_output_out,layer_20_mha_output_out,17,39,-0.03620171369103464,0.20012794325967243,-0.36205196309637616
layer_9_mha_output_out,layer_20_mlp_out,17,40,0.2350108532258921,0.5962260426630076,-0.11687730117667355
layer_9_mha_output_out,layer_21_mha_output_out,17,41,0.018975913484554074,0.23529000522601137,-0.1561004165660547
layer_9_mha_output_out,layer_21_mlp_out,17,42,0.3614806903728892,0.7630969904955826,-0.04891017223195544
layer_9_mha_output_out,layer_22_mha_output_out,17,43,0.04066541593109685,0.14768073165222273,0.14552039803945083
layer_9_mha_output_out,layer_22_mlp_out,17,44,0.4424639195682364,0.8905327406758224,0.003032261538392586
layer_9_mha_output_out,layer_23_mha_output_out,17,45,0.03768120254420859,0.16915612966782034,0.06486625369186265
layer_9_mha_output_out,layer_23_mlp_out,17,46,0.4457846243894943,0.871765920913388,0.2601853306998619
layer_9_mha_output_out,layer_24_mha_output_out,17,47,0.011452102490008387,0.17596819152292817,-0.11142455034945306
layer_9_mha_output_out,layer_24_mlp_out,17,48,0.3638443696748477,0.723997361710854,0.1541409089954618
layer_9_mha_output_out,layer_25_mha_output_out,17,49,0.014504301553576293,0.1138495204041358,0.01565479248766751
layer_9_mha_output_out,layer_25_mlp_out,17,50,0.37144661843764015,0.7508738758498522,0.08837360761302736
layer_9_mha_output_out,layer_26_mha_output_out,17,51,0.14411004865966526,0.3472176335549061,0.1655881841338493
layer_9_mha_output_out,layer_26_mlp_out,17,52,0.4040359574549025,0.8265295333195974,-0.019526148621953954
layer_9_mha_output_out,layer_27_mha_output_out,17,53,0.08041406101987558,0.2166335328562629,0.20494661407240497
layer_9_mha_output_out,layer_27_mlp_out,17,54,0.21053624502866508,0.6603162506943716,-0.34970563876278044
layer_9_mha_output_out,layer_28_mha_output_out,17,55,0.056106450880254455,0.17233586548485483,0.18348751907760627
layer_9_mha_output_out,layer_28_mlp_out,17,56,-0.23255696578230034,0.5019872520267087,-0.7385094861484582
layer_9_mlp_out,layer_1_mha_output_out,18,1,0.0,0.0,NaN
layer_9_mlp_out,layer_1_mlp_out,18,2,0.0,0.0,NaN
layer_9_mlp_out,layer_2_mha_output_out,18,3,0.0,0.0,NaN
layer_9_mlp_out,layer_2_mlp_out,18,4,0.0,0.0,NaN
layer_9_mlp_out,layer_3_mha_output_out,18,5,0.0,0.0,NaN
layer_9_mlp_out,layer_3_mlp_out,18,6,0.0,0.0,NaN
layer_9_mlp_out,layer_4_mha_output_out,18,7,0.0,0.0,NaN
layer_9_mlp_out,layer_4_mlp_out,18,8,0.0,0.0,NaN
layer_9_mlp_out,layer_5_mha_output_out,18,9,0.0,0.0,NaN
layer_9_mlp_out,layer_5_mlp_out,18,10,0.0,0.0,NaN
layer_9_mlp_out,layer_6_mha_output_out,18,11,0.0,0.0,NaN
layer_9_mlp_out,layer_6_mlp_out,18,12,0.0,0.0,NaN
layer_9_mlp_out,layer_7_mha_output_out,18,13,0.0,0.0,NaN
layer_9_mlp_out,layer_7_mlp_out,18,14,0.0,0.0,NaN
layer_9_mlp_out,layer_8_mha_output_out,18,15,0.0,0.0,NaN
layer_9_mlp_out,layer_8_mlp_out,18,16,0.0,0.0,NaN
layer_9_mlp_out,layer_9_mha_output_out,18,17,0.0,0.0,NaN
layer_9_mlp_out,layer_9_mlp_out,18,18,1.0,Inf,NaN
layer_9_mlp_out,layer_10_mha_output_out,18,19,0.018993865534355336,0.23183005806800222,-0.1512419220177664
layer_9_mlp_out,layer_10_mlp_out,18,20,0.4195478814383772,0.9087529722895693,-0.40902154724905926
layer_9_mlp_out,layer_11_mha_output_out,18,21,-0.006317772061932736,0.3039231466845478,-0.3225550059791995
layer_9_mlp_out,layer_11_mlp_out,18,22,0.3291113618607179,0.8018181708178495,-0.3729749075782547
layer_9_mlp_out,layer_12_mha_output_out,18,23,-0.027856568110056656,0.24899208926548685,-0.3483952823876773
layer_9_mlp_out,layer_12_mlp_out,18,24,0.2858550522652735,0.7483579797397448,-0.35597318165062736
layer_9_mlp_out,layer_13_mha_output_out,18,25,0.004171993983344446,0.14608967086628238,-0.11790623228667067
layer_9_mlp_out,layer_13_mlp_out,18,26,0.2714361711536273,0.6876539887340852,-0.2324777002255121
layer_9_mlp_out,layer_14_mha_output_out,18,27,0.04464875420052872,0.19828779094342164,0.03924112035998594
layer_9_mlp_out,layer_14_mlp_out,18,28,0.1990298860379749,0.5894190267709637,-0.22333734124676913
layer_9_mlp_out,layer_15_mha_output_out,18,29,-0.015080853398586003,0.10451560356278707,-0.24305371448873922
layer_9_mlp_out,layer_15_mlp_out,18,30,0.1882898153719743,0.5716469716489295,-0.21595441582043887
layer_9_mlp_out,layer_16_mha_output_out,18,31,-0.0692047221468528,0.3394537250739512,-0.4979020391447753
layer_9_mlp_out,layer_16_mlp_out,18,32,0.26157850771055036,0.6291434319695817,-0.10234764872495239
layer_9_mlp_out,layer_17_mha_output_out,18,33,-0.011676043077758935,0.16929654675556982,-0.2347591380652472
layer_9_mlp_out,layer_17_mlp_out,18,34,0.26399127738457706,0.6315901916689011,-0.09931230920075054
layer_9_mlp_out,layer_18_mha_output_out,18,35,0.02343260080851728,0.15808510911184206,-0.00645554957770775
layer_9_mlp_out,layer_18_mlp_out,18,36,0.2667465472146269,0.6111452616204955,-0.024982297600755973
layer_9_mlp_out,layer_19_mha_output_out,18,37,-0.02801918267865333,0.17970717746302933,-0.32258126728114306
layer_9_mlp_out,layer_19_mlp_out,18,38,0.2237341177546407,0.5566383143559429,-0.05458742047346934
layer_9_mlp_out,layer_20_mha_output_out,18,39,-0.03320007115326029,0.1970098653174762,-0.34890322400920126
layer_9_mlp_out,layer_20_mlp_out,18,40,0.23352887130304245,0.5872930615693048,-0.0985231745544354
layer_9_mlp_out,layer_21_mha_output_out,18,41,0.02041434425696076,0.22621288889916727,-0.1369421199412623
layer_9_mlp_out,layer_21_mlp_out,18,42,0.3611297866169795,0.7529080389733195,-0.00491074374890117
layer_9_mlp_out,layer_22_mha_output_out,18,43,0.03918368654652715,0.14298091002398744,0.14829117766935745
layer_9_mlp_out,layer_22_mlp_out,18,44,0.44140364657121045,0.8847874374561329,0.03960971323844346
layer_9_mlp_out,layer_23_mha_output_out,18,45,0.040856138587327395,0.16707259067087019,0.09179540215886978
layer_9_mlp_out,layer_23_mlp_out,18,46,0.44635775905944197,0.8714642113138745,0.27695967504072266
layer_9_mlp_out,layer_24_mha_output_out,18,47,0.010933806442440464,0.16949515082857647,-0.10543955687928176
layer_9_mlp_out,layer_24_mlp_out,18,48,0.36778630426562464,0.7278457187703024,0.17076151850266547
layer_9_mlp_out,layer_25_mha_output_out,18,49,0.014922994617783125,0.10765801331103955,0.03356515787435306
layer_9_mlp_out,layer_25_mlp_out,18,50,0.3649369616156195,0.7334710601791294,0.11752847964649932
layer_9_mlp_out,layer_26_mha_output_out,18,51,0.1397177865462268,0.33555509233238173,0.17723051823623692
layer_9_mlp_out,layer_26_mlp_out,18,52,0.39157446278787955,0.7967114733079638,0.03112188092735005
layer_9_mlp_out,layer_27_mha_output_out,18,53,0.07783722790636205,0.20578931515465276,0.2232151048801335
layer_9_mlp_out,layer_27_mlp_out,18,54,0.1866185314194041,0.6069228108815632,-0.2970447302069502
layer_9_mlp_out,layer_28_mha_output_out,18,55,0.05850353213193793,0.1669552310165169,0.21883156920101302
layer_9_mlp_out,layer_28_mlp_out,18,56,-0.21188302831212247,0.4868849130784384,-0.7200821273624187
layer_10_mha_output_out,layer_1_mha_output_out,19,1,0.0,0.0,NaN
layer_10_mha_output_out,layer_1_mlp_out,19,2,0.0,0.0,NaN
layer_10_mha_output_out,layer_2_mha_output_out,19,3,0.0,0.0,NaN
layer_10_mha_output_out,layer_2_mlp_out,19,4,0.0,0.0,NaN
layer_10_mha_output_out,layer_3_mha_output_out,19,5,0.0,0.0,NaN
layer_10_mha_output_out,layer_3_mlp_out,19,6,0.0,0.0,NaN
layer_10_mha_output_out,layer_4_mha_output_out,19,7,0.0,0.0,NaN
layer_10_mha_output_out,layer_4_mlp_out,19,8,0.0,0.0,NaN
layer_10_mha_output_out,layer_5_mha_output_out,19,9,0.0,0.0,NaN
layer_10_mha_output_out,layer_5_mlp_out,19,10,0.0,0.0,NaN
layer_10_mha_output_out,layer_6_mha_output_out,19,11,0.0,0.0,NaN
layer_10_mha_output_out,layer_6_mlp_out,19,12,0.0,0.0,NaN
layer_10_mha_output_out,layer_7_mha_output_out,19,13,0.0,0.0,NaN
layer_10_mha_output_out,layer_7_mlp_out,19,14,0.0,0.0,NaN
layer_10_mha_output_out,layer_8_mha_output_out,19,15,0.0,0.0,NaN
layer_10_mha_output_out,layer_8_mlp_out,19,16,0.0,0.0,NaN
layer_10_mha_output_out,layer_9_mha_output_out,19,17,0.0,0.0,NaN
layer_10_mha_output_out,layer_9_mlp_out,19,18,0.0,0.0,NaN
layer_10_mha_output_out,layer_10_mha_output_out,19,19,1.0,Inf,NaN
layer_10_mha_output_out,layer_10_mlp_out,19,20,0.42787551922522327,0.9159189578449611,-0.3942164596871818
layer_10_mha_output_out,layer_11_mha_output_out,19,21,-0.006469275046938838,0.3023224167313822,-0.32151685694242055
layer_10_mha_output_out,layer_11_mlp_out,19,22,0.32468468152025176,0.7955723648011879,-0.36832955051945576
layer_10_mha_output_out,layer_12_mha_output_out,19,23,-0.02704452087003495,0.2503740343462561,-0.3464240132245901
layer_10_mha_output_out,layer_12_mlp_out,19,24,0.2859716165358307,0.7483983610508299,-0.3557149162768825
layer_10_mha_output_out,layer_13_mha_output_out,19,25,0.006210103552061086,0.14437842642199197,-0.10173267893932475
layer_10_mha_output_out,layer_13_mlp_out,19,26,0.2693495977261189,0.6817929350861488,-0.22348015890201528
layer_10_mha_output_out,layer_14_mha_output_out,19,27,0.043243888255230956,0.19665079646818182,0.0347615177345034
layer_10_mha_output_out,layer_14_mlp_out,19,28,0.20277420188228423,0.5906643009591078,-0.21464197098958207
layer_10_mha_output_out,layer_15_mha_output_out,19,29,-0.014693004880926397,0.10393958656504759,-0.23978155769453866
layer_10_mha_output_out,layer_15_mlp_out,19,30,0.19254505259014743,0.5734312943314755,-0.20692936352099425
layer_10_mha_output_out,layer_16_mha_output_out,19,31,-0.0735704000219286,0.33850372002454604,-0.5062565803252458
layer_10_mha_output_out,layer_16_mlp_out,19,32,0.25914950059015274,0.6248800309796595,-0.10011163925789414
layer_10_mha_output_out,layer_17_mha_output_out,19,33,-0.014479791599199654,0.16886925918669016,-0.24982519167643402
layer_10_mha_output_out,layer_17_mlp_out,19,34,0.263982499112432,0.6303868405094889,-0.09578323820759986
layer_10_mha_output_out,layer_18_mha_output_out,19,35,0.022593221721624257,0.15765669576423424,-0.011298824671227782
layer_10_mha_output_out,layer_18_mlp_out,19,36,0.2664365856264703,0.6100779665200485,-0.023131636189605464
layer_10_mha_output_out,layer_19_mha_output_out,19,37,-0.029521586490648843,0.1788069828223686,-0.32972097244443493
layer_10_mha_output_out,layer_19_mlp_out,19,38,0.22103372824022227,0.5513440363329515,-0.0512222897845433
layer_10_mha_output_out,layer_20_mha_output_out,19,39,-0.03446422817858896,0.19658728517038854,-0.3542567441452663
layer_10_mha_output_out,layer_20_mlp_out,19,40,0.2293869617534109,0.581674294672311,-0.09956916454304944
layer_10_mha_output_out,layer_21_mha_output_out,19,41,0.018951033329388633,0.22402605948380283,-0.14051329226296233
layer_10_mha_output_out,layer_21_mlp_out,19,42,0.3660847426775026,0.7602363004695147,-0.0014362089960738005
layer_10_mha_output_out,layer_22_mha_output_out,19,43,0.039502233158817956,0.14238757409543543,0.1527310167518738
layer_10_mha_output_out,layer_22_mlp_out,19,44,0.43879904787713264,0.8797658728334169,0.04119654221345179
layer_10_mha_output_out,layer_23_mha_output_out,19,45,0.04181852710164036,0.16719833422874997,0.09811282101110708
layer_10_mha_output_out,layer_23_mlp_out,19,46,0.4502457205107073,0.8797207967218111,0.28314122429077576
layer_10_mha_output_out,layer_24_mha_output_out,19,47,0.012762924065049863,0.16982013815826988,-0.0949201137515158
layer_10_mha_output_out,layer_24_mlp_out,19,48,0.37168585887119077,0.7344727457051193,0.17370827351545878
layer_10_mha_output_out,layer_25_mha_output_out,19,49,0.014586234103587503,0.10746768439372502,0.030722824511345396
layer_10_mha_output_out,layer_25_mlp_out,19,50,0.36769726044732776,0.7377719054713583,0.12053269260558837
layer_10_mha_output_out,layer_26_mha_output_out,19,51,0.13930582745218667,0.33554272908224037,0.17517058009821554
layer_10_mha_output_out,layer_26_mlp_out,19,52,0.3895598696822039,0.7927601588994772,0.03379327126867767
layer_10_mha_output_out,layer_27_mha_output_out,19,53,0.07700315027137505,0.2042813998165003,0.2226912215658734
layer_10_mha_output_out,layer_27_mlp_out,19,54,0.19529031721179402,0.6118110773723907,-0.2840899814501023
layer_10_mha_output_out,layer_28_mha_output_out,19,55,0.05729766363216626,0.1650921831631158,0.2162083468320402
layer_10_mha_output_out,layer_28_mlp_out,19,56,-0.21024191910993384,0.48603474689060044,-0.7186179892934992
layer_10_mlp_out,layer_1_mha_output_out,20,1,0.0,0.0,NaN
layer_10_mlp_out,layer_1_mlp_out,20,2,0.0,0.0,NaN
layer_10_mlp_out,layer_2_mha_output_out,20,3,0.0,0.0,NaN
layer_10_mlp_out,layer_2_mlp_out,20,4,0.0,0.0,NaN
layer_10_mlp_out,layer_3_mha_output_out,20,5,0.0,0.0,NaN
layer_10_mlp_out,layer_3_mlp_out,20,6,0.0,0.0,NaN
layer_10_mlp_out,layer_4_mha_output_out,20,7,0.0,0.0,NaN
layer_10_mlp_out,layer_4_mlp_out,20,8,0.0,0.0,NaN
layer_10_mlp_out,layer_5_mha_output_out,20,9,0.0,0.0,NaN
layer_10_mlp_out,layer_5_mlp_out,20,10,0.0,0.0,NaN
layer_10_mlp_out,layer_6_mha_output_out,20,11,0.0,0.0,NaN
layer_10_mlp_out,layer_6_mlp_out,20,12,0.0,0.0,NaN
layer_10_mlp_out,layer_7_mha_output_out,20,13,0.0,0.0,NaN
layer_10_mlp_out,layer_7_mlp_out,20,14,0.0,0.0,NaN
layer_10_mlp_out,layer_8_mha_output_out,20,15,0.0,0.0,NaN
layer_10_mlp_out,layer_8_mlp_out,20,16,0.0,0.0,NaN
layer_10_mlp_out,layer_9_mha_output_out,20,17,0.0,0.0,NaN
layer_10_mlp_out,layer_9_mlp_out,20,18,0.0,0.0,NaN
layer_10_mlp_out,layer_10_mha_output_out,20,19,0.0,0.0,NaN
layer_10_mlp_out,layer_10_mlp_out,20,20,1.0,Inf,NaN
layer_10_mlp_out,layer_11_mha_output_out,20,21,0.007553057961523946,0.2917531640053758,-0.26770499699929867
layer_10_mlp_out,layer_11_mlp_out,20,22,0.320703202151601,0.8121370176258006,-0.4372471474344105
layer_10_mlp_out,layer_12_mha_output_out,20,23,-0.01780707353945976,0.2626892179992308,-0.3236287882132621
layer_10_mlp_out,layer_12_mlp_out,20,24,0.31349090294195414,0.7975628729723554,-0.41411683634939284
layer_10_mlp_out,layer_13_mha_output_out,20,25,0.009486895956308139,0.15370830790363904,-0.09228088665677661
layer_10_mlp_out,layer_13_mlp_out,20,26,0.2858442142270903,0.724417174897126,-0.2866175877139792
layer_10_mlp_out,layer_14_mha_output_out,20,27,0.04651274477141987,0.2076381055756353,0.028698078278116244
layer_10_mlp_out,layer_14_mlp_out,20,28,0.2255322522476284,0.6382021874589184,-0.2566424928115547
layer_10_mlp_out,layer_15_mha_output_out,20,29,-0.01770689889830801,0.11015336133495586,-0.26351931087879776
layer_10_mlp_out,layer_15_mlp_out,20,30,0.21152860728378708,0.612031605474075,-0.23737584604989542
layer_10_mlp_out,layer_16_mha_output_out,20,31,-0.08873970128160291,0.3613547452151849,-0.542681496495769
layer_10_mlp_out,layer_16_mlp_out,20,32,0.24293124930975274,0.6227374849403847,-0.158231818011887
layer_10_mlp_out,layer_17_mha_output_out,20,33,-0.009527405737999706,0.1797568536241735,-0.23008683599517532
layer_10_mlp_out,layer_17_mlp_out,20,34,0.2858895356909965,0.6582121132543752,-0.08335322564113418
layer_10_mlp_out,layer_18_mha_output_out,20,35,0.029786512533973908,0.16494617838612513,0.021852006258492197
layer_10_mlp_out,layer_18_mlp_out,20,36,0.25419631388481934,0.6139738553595183,-0.08927006901855995
layer_10_mlp_out,layer_19_mha_output_out,20,37,-0.026222934860362646,0.1883911776470202,-0.3159548887783505
layer_10_mlp_out,layer_19_mlp_out,20,38,0.21175920142572435,0.561172439127935,-0.11273147177706344
layer_10_mlp_out,layer_20_mha_output_out,20,39,-0.03873624145296306,0.20696979622910072,-0.37323081985888557
layer_10_mlp_out,layer_20_mlp_out,20,40,0.23324812837018238,0.5978422825050954,-0.1279217882234373
layer_10_mlp_out,layer_21_mha_output_out,20,41,0.030892832838952056,0.22883731846964894,-0.09248289945749816
layer_10_mlp_out,layer_21_mlp_out,20,42,0.35193211953685033,0.7491001261600482,-0.05288525819050738
layer_10_mlp_out,layer_22_mha_output_out,20,43,0.04480207718029927,0.14623574495191655,0.1830904349400979
layer_10_mlp_out,layer_22_mlp_out,20,44,0.4438753930113295,0.8938382055033246,-0.004370935206670361
layer_10_mlp_out,layer_23_mha_output_out,20,45,0.044983912942462845,0.17374709505819758,0.10216482318605663
layer_10_mlp_out,layer_23_mlp_out,20,46,0.4377824743869573,0.8550692430552383,0.2511342893222462
layer_10_mlp_out,layer_24_mha_output_out,20,47,0.01873119147791502,0.17263786441977566,-0.0632746687790962
layer_10_mlp_out,layer_24_mlp_out,20,48,0.37015556397727234,0.7405939671543245,0.12842312370492326
layer_10_mlp_out,layer_25_mha_output_out,20,49,0.01645320364093117,0.1107482324803217,0.040986684444819114
layer_10_mlp_out,layer_25_mlp_out,20,50,0.32627861289741633,0.6761224113728108,0.07786938696298806
layer_10_mlp_out,layer_26_mha_output_out,20,51,0.11922303705132786,0.31812726361494775,0.12417513914235391
layer_10_mlp_out,layer_26_mlp_out,20,52,0.3416804410617046,0.7282158466116527,-0.032202542729712465
layer_10_mlp_out,layer_27_mha_output_out,20,53,0.08351357283901628,0.21697032894461474,0.22336555317784326
layer_10_mlp_out,layer_27_mlp_out,20,54,0.19988167844306792,0.6057001891833823,-0.25761639760681454
layer_10_mlp_out,layer_28_mha_output_out,20,55,0.053933825163631544,0.169425412776434,0.17715542662098857
layer_10_mlp_out,layer_28_mlp_out,20,56,-0.19115796111152616,0.49936090251678533,-0.7072355318452319
layer_11_mha_output_out,layer_1_mha_output_out,21,1,0.0,0.0,NaN
layer_11_mha_output_out,layer_1_mlp_out,21,2,0.0,0.0,NaN
layer_11_mha_output_out,layer_2_mha_output_out,21,3,0.0,0.0,NaN
layer_11_mha_output_out,layer_2_mlp_out,21,4,0.0,0.0,NaN
layer_11_mha_output_out,layer_3_mha_output_out,21,5,0.0,0.0,NaN
layer_11_mha_output_out,layer_3_mlp_out,21,6,0.0,0.0,NaN
layer_11_mha_output_out,layer_4_mha_output_out,21,7,0.0,0.0,NaN
layer_11_mha_output_out,layer_4_mlp_out,21,8,0.0,0.0,NaN
layer_11_mha_output_out,layer_5_mha_output_out,21,9,0.0,0.0,NaN
layer_11_mha_output_out,layer_5_mlp_out,21,10,0.0,0.0,NaN
layer_11_mha_output_out,layer_6_mha_output_out,21,11,0.0,0.0,NaN
layer_11_mha_output_out,layer_6_mlp_out,21,12,0.0,0.0,NaN
layer_11_mha_output_out,layer_7_mha_output_out,21,13,0.0,0.0,NaN
layer_11_mha_output_out,layer_7_mlp_out,21,14,0.0,0.0,NaN
layer_11_mha_output_out,layer_8_mha_output_out,21,15,0.0,0.0,NaN
layer_11_mha_output_out,layer_8_mlp_out,21,16,0.0,0.0,NaN
layer_11_mha_output_out,layer_9_mha_output_out,21,17,0.0,0.0,NaN
layer_11_mha_output_out,layer_9_mlp_out,21,18,0.0,0.0,NaN
layer_11_mha_output_out,layer_10_mha_output_out,21,19,0.0,0.0,NaN
layer_11_mha_output_out,layer_10_mlp_out,21,20,0.0,0.0,NaN
layer_11_mha_output_out,layer_11_mha_output_out,21,21,1.0,Inf,NaN
layer_11_mha_output_out,layer_11_mlp_out,21,22,0.33776329106509695,0.8251055763910057,-0.4223998952620411
layer_11_mha_output_out,layer_12_mha_output_out,21,23,-0.018458895059533686,0.2645875002870742,-0.3271583343199989
layer_11_mha_output_out,layer_12_mlp_out,21,24,0.32638352533165516,0.811358615122789,-0.4155038610856822
layer_11_mha_output_out,layer_13_mha_output_out,21,25,0.010989503092814434,0.15596635961711808,-0.08567468419701901
layer_11_mha_output_out,layer_13_mlp_out,21,26,0.2948315059778974,0.7351335014787651,-0.28594675359405824
layer_11_mha_output_out,layer_14_mha_output_out,21,27,0.04748246542463708,0.20829038554750862,0.032664572813123904
layer_11_mha_output_out,layer_14_mlp_out,21,28,0.23304690234988512,0.6445456388383086,-0.2486739192429064
layer_11_mha_output_out,layer_15_mha_output_out,21,29,-0.017982815503166272,0.1112751819124451,-0.2653398141847066
layer_11_mha_output_out,layer_15_mlp_out,21,30,0.2148550783862606,0.6180411362168646,-0.2413037194813287
layer_11_mha_output_out,layer_16_mha_output_out,21,31,-0.09662048218209263,0.36556051498567677,-0.5574640258688559
layer_11_mha_output_out,layer_16_mlp_out,21,32,0.24181742519284966,0.6223614684864753,-0.1613498233574233
layer_11_mha_output_out,layer_17_mha_output_out,21,33,-0.008290697310116446,0.18242424986992303,-0.22564254817701745
layer_11_mha_output_out,layer_17_mlp_out,21,34,0.2841961679341689,0.6597754560874076,-0.09620542204996753
layer_11_mha_output_out,layer_18_mha_output_out,21,35,0.03029269016960423,0.16643061245557436,0.021955109106174552
layer_11_mha_output_out,layer_18_mlp_out,21,36,0.24960437380213885,0.6106391788043426,-0.09876726580819807
layer_11_mha_output_out,layer_19_mha_output_out,21,37,-0.02522881105430841,0.18714533063174166,-0.31098393396271046
layer_11_mha_output_out,layer_19_mlp_out,21,38,0.2155351433891688,0.5664222034052585,-0.11217206107334697
layer_11_mha_output_out,layer_20_mha_output_out,21,39,-0.03688177766335521,0.20688094099366305,-0.36580348857622613
layer_11_mha_output_out,layer_20_mlp_out,21,40,0.23914475610968766,0.6022325822240382,-0.11714315188523677
layer_11_mha_output_out,layer_21_mha_output_out,21,41,0.03514560270037226,0.23016488043978867,-0.07462346664022824
layer_11_mha_output_out,layer_21_mlp_out,21,42,0.355439745287221,0.754259904816225,-0.051614798227220766
layer_11_mha_output_out,layer_22_mha_output_out,21,43,0.045741012040249496,0.14600312809946106,0.191480078620348
layer_11_mha_output_out,layer_22_mlp_out,21,44,0.44985261285264966,0.9045086656748704,-0.0026756617226839116
layer_11_mha_output_out,layer_23_mha_output_out,21,45,0.044732578144474844,0.17310275249157164,0.10220027418021002
layer_11_mha_output_out,layer_23_mlp_out,21,46,0.4417442764884808,0.8632526167416754,0.25581208233829095
layer_11_mha_output_out,layer_24_mha_output_out,21,47,0.020995687359440796,0.1709361430572614,-0.04647093440417211
layer_11_mha_output_out,layer_24_mlp_out,21,48,0.3722898711520308,0.7439008713849555,0.1311649268796731
layer_11_mha_output_out,layer_25_mha_output_out,21,49,0.016865663153621813,0.11171134550761537,0.04258455682034797
layer_11_mha_output_out,layer_25_mlp_out,21,50,0.32050749297459136,0.6622116014929977,0.09478882036283907
layer_11_mha_output_out,layer_26_mha_output_out,21,51,0.11614212779637145,0.31319174238434927,0.12246323414029028
layer_11_mha_output_out,layer_26_mlp_out,21,52,0.3347971587790024,0.718694677767287,-0.03703672134678087
layer_11_mha_output_out,layer_27_mha_output_out,21,53,0.08591337463442672,0.22089424107519748,0.22581984316665527
layer_11_mha_output_out,layer_27_mlp_out,21,54,0.20363230312169245,0.6084830731773754,-0.2529300719052006
layer_11_mha_output_out,layer_28_mha_output_out,21,55,0.053675330769723195,0.16813488676440286,0.1793868003442556
layer_11_mha_output_out,layer_28_mlp_out,21,56,-0.19334457466820876,0.49993483461158,-0.7091236535922896
layer_11_mlp_out,layer_1_mha_output_out,22,1,0.0,0.0,NaN
layer_11_mlp_out,layer_1_mlp_out,22,2,0.0,0.0,NaN
layer_11_mlp_out,layer_2_mha_output_out,22,3,0.0,0.0,NaN
layer_11_mlp_out,layer_2_mlp_out,22,4,0.0,0.0,NaN
layer_11_mlp_out,layer_3_mha_output_out,22,5,0.0,0.0,NaN
layer_11_mlp_out,layer_3_mlp_out,22,6,0.0,0.0,NaN
layer_11_mlp_out,layer_4_mha_output_out,22,7,0.0,0.0,NaN
layer_11_mlp_out,layer_4_mlp_out,22,8,0.0,0.0,NaN
layer_11_mlp_out,layer_5_mha_output_out,22,9,0.0,0.0,NaN
layer_11_mlp_out,layer_5_mlp_out,22,10,0.0,0.0,NaN
layer_11_mlp_out,layer_6_mha_output_out,22,11,0.0,0.0,NaN
layer_11_mlp_out,layer_6_mlp_out,22,12,0.0,0.0,NaN
layer_11_mlp_out,layer_7_mha_output_out,22,13,0.0,0.0,NaN
layer_11_mlp_out,layer_7_mlp_out,22,14,0.0,0.0,NaN
layer_11_mlp_out,layer_8_mha_output_out,22,15,0.0,0.0,NaN
layer_11_mlp_out,layer_8_mlp_out,22,16,0.0,0.0,NaN
layer_11_mlp_out,layer_9_mha_output_out,22,17,0.0,0.0,NaN
layer_11_mlp_out,layer_9_mlp_out,22,18,0.0,0.0,NaN
layer_11_mlp_out,layer_10_mha_output_out,22,19,0.0,0.0,NaN
layer_11_mlp_out,layer_10_mlp_out,22,20,0.0,0.0,NaN
layer_11_mlp_out,layer_11_mha_output_out,22,21,0.0,0.0,NaN
layer_11_mlp_out,layer_11_mlp_out,22,22,1.0,Inf,NaN
layer_11_mlp_out,layer_12_mha_output_out,22,23,0.004318189393965999,0.26478754263482013,-0.24949070716134536
layer_11_mlp_out,layer_12_mlp_out,22,24,0.3829453587692687,0.8673380749288084,-0.40014218621447484
layer_11_mlp_out,layer_13_mha_output_out,22,25,0.009510837475307676,0.16415674217332962,-0.10668730743648076
layer_11_mlp_out,layer_13_mlp_out,22,26,0.3252826349975435,0.7812899711841604,-0.3171105491933607
layer_11_mlp_out,layer_14_mha_output_out,22,27,0.04907546575959476,0.21656016794165314,0.0229319533430134
layer_11_mlp_out,layer_14_mlp_out,22,28,0.2413333447236582,0.6660563223162921,-0.276384647154171
layer_11_mlp_out,layer_15_mha_output_out,22,29,-0.021025032081352313,0.11581353996697552,-0.28769309992363906
layer_11_mlp_out,layer_15_mlp_out,22,30,0.23864849440843927,0.6581000481107715,-0.2648022220442796
layer_11_mlp_out,layer_16_mha_output_out,22,31,-0.10233469832975972,0.37963420842735,-0.571148634223768
layer_11_mlp_out,layer_16_mlp_out,22,32,0.2522518923433399,0.6432460291527806,-0.17927764839392016
layer_11_mlp_out,layer_17_mha_output_out,22,33,-0.0073018682310272975,0.18779201860095462,-0.22476360274260798
layer_11_mlp_out,layer_17_mlp_out,22,34,0.28298407749843,0.6625416183748093,-0.11043877213862413
layer_11_mlp_out,layer_18_mha_output_out,22,35,0.029553537793014062,0.1686760363450916,0.01224135858554435
layer_11_mlp_out,layer_18_mlp_out,22,36,0.2550536609927774,0.6150682798013442,-0.08883068514264192
layer_11_mlp_out,layer_19_mha_output_out,22,37,-0.018618072190873747,0.18996196933437762,-0.28104320112726344
layer_11_mlp_out,layer_19_mlp_out,22,38,0.2062107756157936,0.55649357985522,-0.12114955935865553
layer_11_mlp_out,layer_20_mha_output_out,22,39,-0.03183528786282164,0.20475256969339375,-0.3447991183627175
layer_11_mlp_out,layer_20_mlp_out,22,40,0.2289451101921799,0.5866606009889742,-0.11454532932330799
layer_11_mlp_out,layer_21_mha_output_out,22,41,0.038994023262058364,0.22844126215862226,-0.05296824911247786
layer_11_mlp_out,layer_21_mlp_out,22,42,0.3416269973478969,0.7343605995859692,-0.0577114195960477
layer_11_mlp_out,layer_22_mha_output_out,22,43,0.04655527263998749,0.14362137288883906,0.2064394679680146
layer_11_mlp_out,layer_22_mlp_out,22,44,0.44700764441549967,0.8986965339932456,0.003993245031533461
layer_11_mlp_out,layer_23_mha_output_out,22,45,0.044356939949035,0.17464963600237746,0.09555066785435522
layer_11_mlp_out,layer_23_mlp_out,22,46,0.43097044394963535,0.8399064705275926,0.25485879613688717
layer_11_mlp_out,layer_24_mha_output_out,22,47,0.020243789802275702,0.171886502632887,-0.05276919770440575
layer_11_mlp_out,layer_24_mlp_out,22,48,0.3759850746543665,0.7528287458432837,0.11955568803641459
layer_11_mlp_out,layer_25_mha_output_out,22,49,0.014341423981558354,0.10655432097409721,0.030439520110088387
layer_11_mlp_out,layer_25_mlp_out,22,50,0.3112599726062688,0.6487935144833593,0.08716199903346636
layer_11_mlp_out,layer_26_mha_output_out,22,51,0.10015093855439028,0.2943942621387885,0.09413907532637843
layer_11_mlp_out,layer_26_mlp_out,22,52,0.3190147737538105,0.6960979061710113,-0.04349056005278969
layer_11_mlp_out,layer_27_mha_output_out,22,53,0.08187239854612549,0.22370691144490784,0.19203366276738304
layer_11_mlp_out,layer_27_mlp_out,22,54,0.2122510816202201,0.6111183319984019,-0.23300167022311688
layer_11_mlp_out,layer_28_mha_output_out,22,55,0.05029096417257084,0.16611696633362602,0.16119479641132012
layer_11_mlp_out,layer_28_mlp_out,22,56,-0.17115102079923572,0.49758131150754065,-0.6903876822631518
layer_12_mha_output_out,layer_1_mha_output_out,23,1,0.0,0.0,NaN
layer_12_mha_output_out,layer_1_mlp_out,23,2,0.0,0.0,NaN
layer_12_mha_output_out,layer_2_mha_output_out,23,3,0.0,0.0,NaN
layer_12_mha_output_out,layer_2_mlp_out,23,4,0.0,0.0,NaN
layer_12_mha_output_out,layer_3_mha_output_out,23,5,0.0,0.0,NaN
layer_12_mha_output_out,layer_3_mlp_out,23,6,0.0,0.0,NaN
layer_12_mha_output_out,layer_4_mha_output_out,23,7,0.0,0.0,NaN
layer_12_mha_output_out,layer_4_mlp_out,23,8,0.0,0.0,NaN
layer_12_mha_output_out,layer_5_mha_output_out,23,9,0.0,0.0,NaN
layer_12_mha_output_out,layer_5_mlp_out,23,10,0.0,0.0,NaN
layer_12_mha_output_out,layer_6_mha_output_out,23,11,0.0,0.0,NaN
layer_12_mha_output_out,layer_6_mlp_out,23,12,0.0,0.0,NaN
layer_12_mha_output_out,layer_7_mha_output_out,23,13,0.0,0.0,NaN
layer_12_mha_output_out,layer_7_mlp_out,23,14,0.0,0.0,NaN
layer_12_mha_output_out,layer_8_mha_output_out,23,15,0.0,0.0,NaN
layer_12_mha_output_out,layer_8_mlp_out,23,16,0.0,0.0,NaN
layer_12_mha_output_out,layer_9_mha_output_out,23,17,0.0,0.0,NaN
layer_12_mha_output_out,layer_9_mlp_out,23,18,0.0,0.0,NaN
layer_12_mha_output_out,layer_10_mha_output_out,23,19,0.0,0.0,NaN
layer_12_mha_output_out,layer_10_mlp_out,23,20,0.0,0.0,NaN
layer_12_mha_output_out,layer_11_mha_output_out,23,21,0.0,0.0,NaN
layer_12_mha_output_out,layer_11_mlp_out,23,22,0.0,0.0,NaN
layer_12_mha_output_out,layer_12_mha_output_out,23,23,1.0,Inf,NaN
layer_12_mha_output_out,layer_12_mlp_out,23,24,0.39764385759997933,0.8812369346358883,-0.3887637624902042
layer_12_mha_output_out,layer_13_mha_output_out,23,25,0.010972931476958214,0.16396161569879047,-0.09737568729888917
layer_12_mha_output_out,layer_13_mlp_out,23,26,0.3281524611990393,0.7832098484950015,-0.3119437307860017
layer_12_mha_output_out,layer_14_mha_output_out,23,27,0.05132715610035532,0.21788842013771503,0.0321630941770169
layer_12_mha_output_out,layer_14_mlp_out,23,28,0.23881056056079653,0.6622951860768815,-0.27480409733646455
layer_12_mha_output_out,layer_15_mha_output_out,23,29,-0.020224718924586993,0.11590050901038255,-0.28136423040712505
layer_12_mha_output_out,layer_15_mlp_out,23,30,0.2386846308570667,0.6557093789059003,-0.25867564170935253
layer_12_mha_output_out,layer_16_mha_output_out,23,31,-0.09857059180833172,0.3776722001849606,-0.5645906070464863
layer_12_mha_output_out,layer_16_mlp_out,23,32,0.2486296994247299,0.636616892817321,-0.1746161754087295
layer_12_mha_output_out,layer_17_mha_output_out,23,33,-0.004284123807360096,0.18597292677493746,-0.2080235373802283
layer_12_mha_output_out,layer_17_mlp_out,23,34,0.28371435906572884,0.6610438521127999,-0.10242192856862574
layer_12_mha_output_out,layer_18_mha_output_out,23,35,0.031174082771402434,0.1702657412754703,0.019338617296944267
layer_12_mha_output_out,layer_18_mlp_out,23,36,0.2550418231164514,0.6131073228178355,-0.08319168387462932
layer_12_mha_output_out,layer_19_mha_output_out,23,37,-0.017519233542959478,0.18799157382795081,-0.2748464337083361
layer_12_mha_output_out,layer_19_mlp_out,23,38,0.20468376796756838,0.55140238564831,-0.11400230095738469
layer_12_mha_output_out,layer_20_mha_output_out,23,39,-0.033546164745276386,0.20502622372382595,-0.3519123459342544
layer_12_mha_output_out,layer_20_mlp_out,23,40,0.22557050162286696,0.5822800844361861,-0.11577312723128198
layer_12_mha_output_out,layer_21_mha_output_out,23,41,0.038243036315204204,0.2251696353395529,-0.050586636727788147
layer_12_mha_output_out,layer_21_mlp_out,23,42,0.33539856476274776,0.7241725421300139,-0.055099158071830905
layer_12_mha_output_out,layer_22_mha_output_out,23,43,0.04639916463749372,0.14278829353709646,0.20809896082663984
layer_12_mha_output_out,layer_22_mlp_out,23,44,0.44799189650605165,0.9006364160801122,0.002484573557751317
layer_12_mha_output_out,layer_23_mha_output_out,23,45,0.04200788667175104,0.17317520764852992,0.08370668273365886
layer_12_mha_output_out,layer_23_mlp_out,23,46,0.42779730486866385,0.8315712710057256,0.2674223125160651
layer_12_mha_output_out,layer_24_mha_output_out,23,47,0.020990509786694145,0.17030354940029685,-0.04538039910020099
layer_12_mha_output_out,layer_24_mlp_out,23,48,0.3702366284336859,0.7427255213350707,0.11845582955853227
layer_12_mha_output_out,layer_25_mha_output_out,23,49,0.015790155078148738,0.10659276191624421,0.044635291132969504
layer_12_mha_output_out,layer_25_mlp_out,23,50,0.30715794491522097,0.6389328564063619,0.09867225362014566
layer_12_mha_output_out,layer_26_mha_output_out,23,51,0.09929435373001738,0.29041008915138283,0.10024418253588664
layer_12_mha_output_out,layer_26_mlp_out,23,52,0.3195503547556806,0.6961091183840569,-0.04049633783642551
layer_12_mha_output_out,layer_27_mha_output_out,23,53,0.08017016457433246,0.2199951517423158,0.19300648971252998
layer_12_mha_output_out,layer_27_mlp_out,23,54,0.20638205139565935,0.6025766935154313,-0.2311106211260104
layer_12_mha_output_out,layer_28_mha_output_out,23,55,0.04929319106026364,0.16543021757140747,0.1560815761617731
layer_12_mha_output_out,layer_28_mlp_out,23,56,-0.16872883430416263,0.49748133807511136,-0.6883110877681163
layer_12_mlp_out,layer_1_mha_output_out,24,1,-8.573845411419256e-8,0.0,NaN
layer_12_mlp_out,layer_1_mlp_out,24,2,-8.573845411419256e-8,0.0,NaN
layer_12_mlp_out,layer_2_mha_output_out,24,3,-8.573845411419256e-8,0.0,NaN
layer_12_mlp_out,layer_2_mlp_out,24,4,-8.573845411419256e-8,0.0,NaN
layer_12_mlp_out,layer_3_mha_output_out,24,5,-8.573845411419256e-8,0.0,NaN
layer_12_mlp_out,layer_3_mlp_out,24,6,-8.573845411419256e-8,0.0,NaN
layer_12_mlp_out,layer_4_mha_output_out,24,7,-8.573845411419256e-8,0.0,NaN
layer_12_mlp_out,layer_4_mlp_out,24,8,-8.573845411419256e-8,0.0,NaN
layer_12_mlp_out,layer_5_mha_output_out,24,9,-8.573845411419256e-8,0.0,NaN
layer_12_mlp_out,layer_5_mlp_out,24,10,-8.573845411419256e-8,0.0,NaN
layer_12_mlp_out,layer_6_mha_output_out,24,11,-8.573845411419256e-8,0.0,NaN
layer_12_mlp_out,layer_6_mlp_out,24,12,-8.573845411419256e-8,0.0,NaN
layer_12_mlp_out,layer_7_mha_output_out,24,13,-8.573845411419256e-8,0.0,NaN
layer_12_mlp_out,layer_7_mlp_out,24,14,-8.573845411419256e-8,0.0,NaN
layer_12_mlp_out,layer_8_mha_output_out,24,15,-8.573845411419256e-8,0.0,NaN
layer_12_mlp_out,layer_8_mlp_out,24,16,-8.573845411419256e-8,0.0,NaN
layer_12_mlp_out,layer_9_mha_output_out,24,17,-8.573845411419256e-8,0.0,NaN
layer_12_mlp_out,layer_9_mlp_out,24,18,-8.573845411419256e-8,0.0,NaN
layer_12_mlp_out,layer_10_mha_output_out,24,19,-8.573845411419256e-8,0.0,NaN
layer_12_mlp_out,layer_10_mlp_out,24,20,-8.573845411419256e-8,0.0,NaN
layer_12_mlp_out,layer_11_mha_output_out,24,21,-8.573845411419256e-8,0.0,NaN
layer_12_mlp_out,layer_11_mlp_out,24,22,-8.573845411419256e-8,0.0,NaN
layer_12_mlp_out,layer_12_mha_output_out,24,23,-8.573845411419256e-8,0.0,NaN
layer_12_mlp_out,layer_12_mlp_out,24,24,1.0,Inf,NaN
layer_12_mlp_out,layer_13_mha_output_out,24,25,0.018353945143508188,0.18453873776504742,-0.08480628875059162
layer_12_mlp_out,layer_13_mlp_out,24,26,0.367934058211952,0.8415858464651458,-0.358708658726272
layer_12_mlp_out,layer_14_mha_output_out,24,27,0.04898477953814062,0.22927632057690375,-0.004873155300603262
layer_12_mlp_out,layer_14_mlp_out,24,28,0.27243959683035224,0.7223419663267638,-0.32603626604994257
layer_12_mlp_out,layer_15_mha_output_out,24,29,-0.016484075196739667,0.12209396299192678,-0.25084796197625514
layer_12_mlp_out,layer_15_mlp_out,24,30,0.26945161170288745,0.7016807719277806,-0.2789065861116839
layer_12_mlp_out,layer_16_mha_output_out,24,31,-0.1139773571601641,0.38335585440411213,-0.5898951335392498
layer_12_mlp_out,layer_16_mlp_out,24,32,0.2562637513763165,0.6538555103061762,-0.19358806315916113
layer_12_mlp_out,layer_17_mha_output_out,24,33,0.0014087685402977002,0.19246634176423488,-0.18539800906076614
layer_12_mlp_out,layer_17_mlp_out,24,34,0.2707935899873948,0.6543638681056201,-0.13817042127744972
layer_12_mlp_out,layer_18_mha_output_out,24,35,0.035163226296875516,0.18068606748551105,0.021810821059563012
layer_12_mlp_out,layer_18_mlp_out,24,36,0.25522674477325524,0.6199869149507597,-0.10230885864597745
layer_12_mlp_out,layer_19_mha_output_out,24,37,-0.010123653713358216,0.19069868314422797,-0.24084005943815578
layer_12_mlp_out,layer_19_mlp_out,24,38,0.21500332065032957,0.5623099341494827,-0.10360490697399775
layer_12_mlp_out,layer_20_mha_output_out,24,39,-0.03899650684390066,0.20758473111439063,-0.37434201109469656
layer_12_mlp_out,layer_20_mlp_out,24,40,0.24616821987592274,0.6174783107404392,-0.13159854054866776
layer_12_mlp_out,layer_21_mha_output_out,24,41,0.04282592916048855,0.22715672940227216,-0.03160526901320184
layer_12_mlp_out,layer_21_mlp_out,24,42,0.34328511002558604,0.7321023477227325,-0.03790113658986011
layer_12_mlp_out,layer_22_mha_output_out,24,43,0.05109205926447724,0.15048746549174374,0.21910020842433345
layer_12_mlp_out,layer_22_mlp_out,24,44,0.439907803725473,0.8819998737004935,0.03961002900411145
layer_12_mlp_out,layer_23_mha_output_out,24,45,0.036140987628112575,0.16826376935375234,0.056703810601175866
layer_12_mlp_out,layer_23_mlp_out,24,46,0.41439979909765423,0.8062935722689444,0.24410452768737656
layer_12_mlp_out,layer_24_mha_output_out,24,47,0.026722275484855285,0.16703106906687332,-0.002729641393808648
layer_12_mlp_out,layer_24_mlp_out,24,48,0.350395828721319,0.7121755219841127,0.09817738820847884
layer_12_mlp_out,layer_25_mha_output_out,24,49,0.012674115509246131,0.10576268975031801,0.01581402852769637
layer_12_mlp_out,layer_25_mlp_out,24,50,0.2822089363818956,0.6003936350343083,0.08972514111269946
layer_12_mlp_out,layer_26_mha_output_out,24,51,0.07709250270376211,0.25399764061587055,0.08169668678585501
layer_12_mlp_out,layer_26_mlp_out,24,52,0.2971460326502322,0.6531425361296864,-0.010144256034276428
layer_12_mlp_out,layer_27_mha_output_out,24,53,0.07618873365846501,0.21499723394579193,0.18375383996532407
layer_12_mlp_out,layer_27_mlp_out,24,54,0.2030792451380723,0.577282960165232,-0.1823115900291193
layer_12_mlp_out,layer_28_mha_output_out,24,55,0.05077482698408642,0.16227403251309644,0.1768166496877574
layer_12_mlp_out,layer_28_mlp_out,24,56,-0.16562937426875823,0.5008726019382846,-0.6869539525993253
layer_13_mha_output_out,layer_1_mha_output_out,25,1,0.0,0.0,NaN
layer_13_mha_output_out,layer_1_mlp_out,25,2,0.0,0.0,NaN
layer_13_mha_output_out,layer_2_mha_output_out,25,3,0.0,0.0,NaN
layer_13_mha_output_out,layer_2_mlp_out,25,4,0.0,0.0,NaN
layer_13_mha_output_out,layer_3_mha_output_out,25,5,0.0,0.0,NaN
layer_13_mha_output_out,layer_3_mlp_out,25,6,0.0,0.0,NaN
layer_13_mha_output_out,layer_4_mha_output_out,25,7,0.0,0.0,NaN
layer_13_mha_output_out,layer_4_mlp_out,25,8,0.0,0.0,NaN
layer_13_mha_output_out,layer_5_mha_output_out,25,9,0.0,0.0,NaN
layer_13_mha_output_out,layer_5_mlp_out,25,10,0.0,0.0,NaN
layer_13_mha_output_out,layer_6_mha_output_out,25,11,0.0,0.0,NaN
layer_13_mha_output_out,layer_6_mlp_out,25,12,0.0,0.0,NaN
layer_13_mha_output_out,layer_7_mha_output_out,25,13,0.0,0.0,NaN
layer_13_mha_output_out,layer_7_mlp_out,25,14,0.0,0.0,NaN
layer_13_mha_output_out,layer_8_mha_output_out,25,15,0.0,0.0,NaN
layer_13_mha_output_out,layer_8_mlp_out,25,16,0.0,0.0,NaN
layer_13_mha_output_out,layer_9_mha_output_out,25,17,0.0,0.0,NaN
layer_13_mha_output_out,layer_9_mlp_out,25,18,0.0,0.0,NaN
layer_13_mha_output_out,layer_10_mha_output_out,25,19,0.0,0.0,NaN
layer_13_mha_output_out,layer_10_mlp_out,25,20,0.0,0.0,NaN
layer_13_mha_output_out,layer_11_mha_output_out,25,21,0.0,0.0,NaN
layer_13_mha_output_out,layer_11_mlp_out,25,22,0.0,0.0,NaN
layer_13_mha_output_out,layer_12_mha_output_out,25,23,0.0,0.0,NaN
layer_13_mha_output_out,layer_12_mlp_out,25,24,0.0,0.0,NaN
layer_13_mha_output_out,layer_13_mha_output_out,25,25,1.0,Inf,NaN
layer_13_mha_output_out,layer_13_mlp_out,25,26,0.3732579393259934,0.8465806234283855,-0.3538172064410435
layer_13_mha_output_out,layer_14_mha_output_out,25,27,0.04953590901822147,0.23213148228463784,-0.008032524613145886
layer_13_mha_output_out,layer_14_mlp_out,25,28,0.27514207305435145,0.7235816319807814,-0.32074400496885813
layer_13_mha_output_out,layer_15_mha_output_out,25,29,-0.01774034634014643,0.12197629358845172,-0.2603439479271844
layer_13_mha_output_out,layer_15_mlp_out,25,30,0.267683517118406,0.6992888602439759,-0.278298911306317
layer_13_mha_output_out,layer_16_mha_output_out,25,31,-0.11628565582297479,0.3834976614107982,-0.5933261870619494
layer_13_mha_output_out,layer_16_mlp_out,25,32,0.2566789381103123,0.6539605104292505,-0.1923456195178964
layer_13_mha_output_out,layer_17_mha_output_out,25,33,0.0005688080651068406,0.19232763557440588,-0.18947629412108208
layer_13_mha_output_out,layer_17_mlp_out,25,34,0.2742294524964449,0.6574280137348858,-0.13291637486393534
layer_13_mha_output_out,layer_18_mha_output_out,25,35,0.033922144825961564,0.1796369600811769,0.01640705998202281
layer_13_mha_output_out,layer_18_mlp_out,25,36,0.256072645112257,0.619457173835718,-0.09726013401951576
layer_13_mha_output_out,layer_19_mha_output_out,25,37,-0.01102366537303534,0.19076859498478696,-0.24524999172207365
layer_13_mha_output_out,layer_19_mlp_out,25,38,0.2177302013353577,0.5643552850235722,-0.0986196033321713
layer_13_mha_output_out,layer_20_mha_output_out,25,39,-0.039586754406629066,0.2079633166836771,-0.37672386513743356
layer_13_mha_output_out,layer_20_mlp_out,25,40,0.24814991221991622,0.6202614880508258,-0.13156754023956874
layer_13_mha_output_out,layer_21_mha_output_out,25,41,0.04340084633412833,0.22692013168973868,-0.028264569100129013
layer_13_mha_output_out,layer_21_mlp_out,25,42,0.3433831785503648,0.7315656128456135,-0.03504426200446949
layer_13_mha_output_out,layer_22_mha_output_out,25,43,0.05093385628826941,0.15026131367826032,0.21863216038912942
layer_13_mha_output_out,layer_22_mlp_out,25,44,0.44107196591278386,0.8842468018861028,0.03886604463254096
layer_13_mha_output_out,layer_23_mha_output_out,25,45,0.03639408700975122,0.16876751192996547,0.05718317141311189
layer_13_mha_output_out,layer_23_mlp_out,25,46,0.4145868403812458,0.8064372471220895,0.2458512440444917
layer_13_mha_output_out,layer_24_mha_output_out,25,47,0.026498236660608354,0.16737448750747685,-0.0048809738472671916
layer_13_mha_output_out,layer_24_mlp_out,25,48,0.35268309584278335,0.715231539698616,0.10223511930408508
layer_13_mha_output_out,layer_25_mha_output_out,25,49,0.012006011345210399,0.10596706242842456,0.008816341231828125
layer_13_mha_output_out,layer_25_mlp_out,25,50,0.2841228095816991,0.6018975459367965,0.09533293651453227
layer_13_mha_output_out,layer_26_mha_output_out,25,51,0.07812195327451521,0.25471505263563365,0.08519892087187805
layer_13_mha_output_out,layer_26_mlp_out,25,52,0.2983158432304447,0.6539783441110302,-0.006769756319805907
layer_13_mha_output_out,layer_27_mha_output_out,25,53,0.07731379187608656,0.21556574242520352,0.18897676364869667
layer_13_mha_output_out,layer_27_mlp_out,25,54,0.20641628565582293,0.5822894048253731,-0.18326034415132822
layer_13_mha_output_out,layer_28_mha_output_out,25,55,0.05236103492804789,0.16315065713313556,0.18578452931427109
layer_13_mha_output_out,layer_28_mlp_out,25,56,-0.1673460667472535,0.5005966366148393,-0.6882956166871773
layer_13_mlp_out,layer_1_mha_output_out,26,1,0.0,0.0,NaN
layer_13_mlp_out,layer_1_mlp_out,26,2,0.0,0.0,NaN
layer_13_mlp_out,layer_2_mha_output_out,26,3,0.0,0.0,NaN
layer_13_mlp_out,layer_2_mlp_out,26,4,0.0,0.0,NaN
layer_13_mlp_out,layer_3_mha_output_out,26,5,0.0,0.0,NaN
layer_13_mlp_out,layer_3_mlp_out,26,6,0.0,0.0,NaN
layer_13_mlp_out,layer_4_mha_output_out,26,7,0.0,0.0,NaN
layer_13_mlp_out,layer_4_mlp_out,26,8,0.0,0.0,NaN
layer_13_mlp_out,layer_5_mha_output_out,26,9,0.0,0.0,NaN
layer_13_mlp_out,layer_5_mlp_out,26,10,0.0,0.0,NaN
layer_13_mlp_out,layer_6_mha_output_out,26,11,0.0,0.0,NaN
layer_13_mlp_out,layer_6_mlp_out,26,12,0.0,0.0,NaN
layer_13_mlp_out,layer_7_mha_output_out,26,13,0.0,0.0,NaN
layer_13_mlp_out,layer_7_mlp_out,26,14,0.0,0.0,NaN
layer_13_mlp_out,layer_8_mha_output_out,26,15,0.0,0.0,NaN
layer_13_mlp_out,layer_8_mlp_out,26,16,0.0,0.0,NaN
layer_13_mlp_out,layer_9_mha_output_out,26,17,0.0,0.0,NaN
layer_13_mlp_out,layer_9_mlp_out,26,18,0.0,0.0,NaN
layer_13_mlp_out,layer_10_mha_output_out,26,19,0.0,0.0,NaN
layer_13_mlp_out,layer_10_mlp_out,26,20,0.0,0.0,NaN
layer_13_mlp_out,layer_11_mha_output_out,26,21,0.0,0.0,NaN
layer_13_mlp_out,layer_11_mlp_out,26,22,0.0,0.0,NaN
layer_13_mlp_out,layer_12_mha_output_out,26,23,0.0,0.0,NaN
layer_13_mlp_out,layer_12_mlp_out,26,24,0.0,0.0,NaN
layer_13_mlp_out,layer_13_mha_output_out,26,25,0.0,0.0,NaN
layer_13_mlp_out,layer_13_mlp_out,26,26,1.0,Inf,NaN
layer_13_mlp_out,layer_14_mha_output_out,26,27,0.052896012406848936,0.25535783044607563,-0.038811724788369785
layer_13_mlp_out,layer_14_mlp_out,26,28,0.32221899260652886,0.7915468572722844,-0.3639881387565231
layer_13_mlp_out,layer_15_mha_output_out,26,29,-0.011517845174785935,0.140204595696535,-0.21892659375239
layer_13_mlp_out,layer_15_mlp_out,26,30,0.2804731456387457,0.7426223127275707,-0.3568066929837999
layer_13_mlp_out,layer_16_mha_output_out,26,31,-0.09427148918220207,0.4081887914594505,-0.5701266795443044
layer_13_mlp_out,layer_16_mlp_out,26,32,0.250030964274098,0.6637700461631799,-0.24227775388067666
layer_13_mlp_out,layer_17_mha_output_out,26,33,0.009228650865678478,0.203347139913721,-0.15902190959624646
layer_13_mlp_out,layer_17_mlp_out,26,34,0.2639906871762744,0.6595169711539958,-0.18035685377971555
layer_13_mlp_out,layer_18_mha_output_out,26,35,0.037273202907038505,0.19278641109799494,0.00836208763567431
layer_13_mlp_out,layer_18_mlp_out,26,36,0.2519632406743245,0.6330125533814143,-0.15215155844985745
layer_13_mlp_out,layer_19_mha_output_out,26,37,-0.0013868343461782562,0.19866771095980484,-0.20535431842321716
layer_13_mlp_out,layer_19_mlp_out,26,38,0.22278403655946322,0.5828089996356798,-0.12753480983032825
layer_13_mlp_out,layer_20_mha_output_out,26,39,-0.04279968925224997,0.2196257118035054,-0.3904766511933455
layer_13_mlp_out,layer_20_mlp_out,26,40,0.24929767068905961,0.6351116732674087,-0.1680361061050263
layer_13_mlp_out,layer_21_mha_output_out,26,41,0.045831257437791595,0.23247932290969264,-0.027174132092712935
layer_13_mlp_out,layer_21_mlp_out,26,42,0.33337953552147537,0.7229921378761549,-0.06256879162521604
layer_13_mlp_out,layer_22_mha_output_out,26,43,0.05351183873018128,0.15934848407651728,0.20716671835329942
layer_13_mlp_out,layer_22_mlp_out,26,44,0.42587393000296425,0.8587660180316825,0.01938490377730921
layer_13_mlp_out,layer_23_mha_output_out,26,45,0.03148651096289046,0.16912179136414404,0.023883847806140113
layer_13_mlp_out,layer_23_mlp_out,26,46,0.39687695628632413,0.7770644257683054,0.20399583804394014
layer_13_mlp_out,layer_24_mha_output_out,26,47,0.02810201250966282,0.16685645934115267,0.006625190795296485
layer_13_mlp_out,layer_24_mlp_out,26,48,0.33150491176503083,0.6902891367918752,0.055745732453716154
layer_13_mlp_out,layer_25_mha_output_out,26,49,0.008685755136730422,0.10674082479264534,-0.0248734070839927
layer_13_mlp_out,layer_25_mlp_out,26,50,0.2639731992076605,0.5764865522684408,0.07115814630346463
layer_13_mlp_out,layer_26_mha_output_out,26,51,0.06741458160275315,0.2386837839368985,0.06917715525431305
layer_13_mlp_out,layer_26_mlp_out,26,52,0.2805655340004064,0.6310738455208208,-0.02149151671736261
layer_13_mlp_out,layer_27_mha_output_out,26,53,0.06717215223564943,0.20978455538570634,0.1438250963630998
layer_13_mlp_out,layer_27_mlp_out,26,54,0.19176739464339676,0.5718800693443549,-0.20582528482124918
layer_13_mlp_out,layer_28_mha_output_out,26,55,0.0481997241320995,0.16396151140632584,0.15262400581185934
layer_13_mlp_out,layer_28_mlp_out,26,56,-0.1610489129834234,0.5083537219526066,-0.6860523824779717
layer_14_mha_output_out,layer_1_mha_output_out,27,1,0.0,0.0,NaN
layer_14_mha_output_out,layer_1_mlp_out,27,2,0.0,0.0,NaN
layer_14_mha_output_out,layer_2_mha_output_out,27,3,0.0,0.0,NaN
layer_14_mha_output_out,layer_2_mlp_out,27,4,0.0,0.0,NaN
layer_14_mha_output_out,layer_3_mha_output_out,27,5,0.0,0.0,NaN
layer_14_mha_output_out,layer_3_mlp_out,27,6,0.0,0.0,NaN
layer_14_mha_output_out,layer_4_mha_output_out,27,7,0.0,0.0,NaN
layer_14_mha_output_out,layer_4_mlp_out,27,8,0.0,0.0,NaN
layer_14_mha_output_out,layer_5_mha_output_out,27,9,0.0,0.0,NaN
layer_14_mha_output_out,layer_5_mlp_out,27,10,0.0,0.0,NaN
layer_14_mha_output_out,layer_6_mha_output_out,27,11,0.0,0.0,NaN
layer_14_mha_output_out,layer_6_mlp_out,27,12,0.0,0.0,NaN
layer_14_mha_output_out,layer_7_mha_output_out,27,13,0.0,0.0,NaN
layer_14_mha_output_out,layer_7_mlp_out,27,14,0.0,0.0,NaN
layer_14_mha_output_out,layer_8_mha_output_out,27,15,0.0,0.0,NaN
layer_14_mha_output_out,layer_8_mlp_out,27,16,0.0,0.0,NaN
layer_14_mha_output_out,layer_9_mha_output_out,27,17,0.0,0.0,NaN
layer_14_mha_output_out,layer_9_mlp_out,27,18,0.0,0.0,NaN
layer_14_mha_output_out,layer_10_mha_output_out,27,19,0.0,0.0,NaN
layer_14_mha_output_out,layer_10_mlp_out,27,20,0.0,0.0,NaN
layer_14_mha_output_out,layer_11_mha_output_out,27,21,0.0,0.0,NaN
layer_14_mha_output_out,layer_11_mlp_out,27,22,0.0,0.0,NaN
layer_14_mha_output_out,layer_12_mha_output_out,27,23,0.0,0.0,NaN
layer_14_mha_output_out,layer_12_mlp_out,27,24,0.0,0.0,NaN
layer_14_mha_output_out,layer_13_mha_output_out,27,25,0.0,0.0,NaN
layer_14_mha_output_out,layer_13_mlp_out,27,26,0.0,0.0,NaN
layer_14_mha_output_out,layer_14_mha_output_out,27,27,1.0,Inf,NaN
layer_14_mha_output_out,layer_14_mlp_out,27,28,0.31585591789880474,0.7822716713689875,-0.35683737666084725
layer_14_mha_output_out,layer_15_mha_output_out,27,29,-0.010374649785381163,0.1385795377803989,-0.2105134705279221
layer_14_mha_output_out,layer_15_mlp_out,27,30,0.28448300627885137,0.7462576792714518,-0.35437394659022153
layer_14_mha_output_out,layer_16_mha_output_out,27,31,-0.09304709721150206,0.4057038020859833,-0.5672405526219798
layer_14_mha_output_out,layer_16_mlp_out,27,32,0.2518567451948325,0.6637899488662623,-0.2361289622612652
layer_14_mha_output_out,layer_17_mha_output_out,27,33,0.00782495878587175,0.20082666294783022,-0.1628398889162062
layer_14_mha_output_out,layer_17_mlp_out,27,34,0.2657671915047667,0.6607653455574548,-0.17705556055375682
layer_14_mha_output_out,layer_18_mha_output_out,27,35,0.03706760322416425,0.19221025432712308,0.00838542334782321
layer_14_mha_output_out,layer_18_mlp_out,27,36,0.24838518565543422,0.6295230620705259,-0.15618706728895212
layer_14_mha_output_out,layer_19_mha_output_out,27,37,-0.002307810373625152,0.19807698097646836,-0.2092195052907984
layer_14_mha_output_out,layer_19_mlp_out,27,38,0.22396192228399603,0.5848268550042028,-0.12841284708871303
layer_14_mha_output_out,layer_20_mha_output_out,27,39,-0.04228129591764174,0.22045525924150625,-0.38869791461336795
layer_14_mha_output_out,layer_20_mlp_out,27,40,0.2516576055184141,0.6366625547300997,-0.163414108172025
layer_14_mha_output_out,layer_21_mha_output_out,27,41,0.04625685713493599,0.2325391821814221,-0.02519261149075085
layer_14_mha_output_out,layer_21_mlp_out,27,42,0.3304268650623525,0.7165456499584256,-0.05496480064797676
layer_14_mha_output_out,layer_22_mha_output_out,27,43,0.05349800769919688,0.16044153915254747,0.2033407920347865
layer_14_mha_output_out,layer_22_mlp_out,27,44,0.42453676043090105,0.8560369638859713,0.021963936016479852
layer_14_mha_output_out,layer_23_mha_output_out,27,45,0.030639987206845354,0.16781424359968725,0.02121009333572065
layer_14_mha_output_out,layer_23_mlp_out,27,46,0.3943076588968877,0.772593773482244,0.20065097016073208
layer_14_mha_output_out,layer_24_mha_output_out,27,47,0.027666904663273595,0.16586373130685997,0.005854168074226404
layer_14_mha_output_out,layer_24_mlp_out,27,48,0.33037920212340655,0.6872124768499824,0.06066725931787627
layer_14_mha_output_out,layer_25_mha_output_out,27,49,0.009392260864638846,0.10607359055497223,-0.01684905890994193
layer_14_mha_output_out,layer_25_mlp_out,27,50,0.26794617633740503,0.5805648896477634,0.07869276910407436
layer_14_mha_output_out,layer_26_mha_output_out,27,51,0.06682896508441116,0.2393346029931199,0.06451038291423386
layer_14_mha_output_out,layer_26_mlp_out,27,52,0.28077262980089845,0.6296942740008137,-0.015979154181402187
layer_14_mha_output_out,layer_27_mha_output_out,27,53,0.06724281399580767,0.20999341099489024,0.14366146210121358
layer_14_mha_output_out,layer_27_mlp_out,27,54,0.1953888190881583,0.5761445874704821,-0.20426171734743329
layer_14_mha_output_out,layer_28_mha_output_out,27,55,0.04755103902193436,0.1633773338255267,0.14967636559941536
layer_14_mha_output_out,layer_28_mlp_out,27,56,-0.16284362015741527,0.5051967810761709,-0.6862869587128125
layer_14_mlp_out,layer_1_mha_output_out,28,1,-1.0583898890637045e-7,0.0,NaN
layer_14_mlp_out,layer_1_mlp_out,28,2,-1.0583898890637045e-7,0.0,NaN
layer_14_mlp_out,layer_2_mha_output_out,28,3,-1.0583898890637045e-7,0.0,NaN
layer_14_mlp_out,layer_2_mlp_out,28,4,-1.0583898890637045e-7,0.0,NaN
layer_14_mlp_out,layer_3_mha_output_out,28,5,-1.0583898890637045e-7,0.0,NaN
layer_14_mlp_out,layer_3_mlp_out,28,6,-1.0583898890637045e-7,0.0,NaN
layer_14_mlp_out,layer_4_mha_output_out,28,7,-1.0583898890637045e-7,0.0,NaN
layer_14_mlp_out,layer_4_mlp_out,28,8,-1.0583898890637045e-7,0.0,NaN
layer_14_mlp_out,layer_5_mha_output_out,28,9,-1.0583898890637045e-7,0.0,NaN
layer_14_mlp_out,layer_5_mlp_out,28,10,-1.0583898890637045e-7,0.0,NaN
layer_14_mlp_out,layer_6_mha_output_out,28,11,-1.0583898890637045e-7,0.0,NaN
layer_14_mlp_out,layer_6_mlp_out,28,12,-1.0583898890637045e-7,0.0,NaN
layer_14_mlp_out,layer_7_mha_output_out,28,13,-1.0583898890637045e-7,0.0,NaN
layer_14_mlp_out,layer_7_mlp_out,28,14,-1.0583898890637045e-7,0.0,NaN
layer_14_mlp_out,layer_8_mha_output_out,28,15,-1.0583898890637045e-7,0.0,NaN
layer_14_mlp_out,layer_8_mlp_out,28,16,-1.0583898890637045e-7,0.0,NaN
layer_14_mlp_out,layer_9_mha_output_out,28,17,-1.0583898890637045e-7,0.0,NaN
layer_14_mlp_out,layer_9_mlp_out,28,18,-1.0583898890637045e-7,0.0,NaN
layer_14_mlp_out,layer_10_mha_output_out,28,19,-1.0583898890637045e-7,0.0,NaN
layer_14_mlp_out,layer_10_mlp_out,28,20,-1.0583898890637045e-7,0.0,NaN
layer_14_mlp_out,layer_11_mha_output_out,28,21,-1.0583898890637045e-7,0.0,NaN
layer_14_mlp_out,layer_11_mlp_out,28,22,-1.0583898890637045e-7,0.0,NaN
layer_14_mlp_out,layer_12_mha_output_out,28,23,-1.0583898890637045e-7,0.0,NaN
layer_14_mlp_out,layer_12_mlp_out,28,24,-1.0583898890637045e-7,0.0,NaN
layer_14_mlp_out,layer_13_mha_output_out,28,25,-1.0583898890637045e-7,0.0,NaN
layer_14_mlp_out,layer_13_mlp_out,28,26,-1.0583898890637045e-7,0.0,NaN
layer_14_mlp_out,layer_14_mha_output_out,28,27,-1.0583898890637045e-7,0.0,NaN
layer_14_mlp_out,layer_14_mlp_out,28,28,1.0,Inf,NaN
layer_14_mlp_out,layer_15_mha_output_out,28,29,0.0006842490628486964,0.15086388560721534,-0.14642550098627952
layer_14_mlp_out,layer_15_mlp_out,28,30,0.31774928309960915,0.7951706276102499,-0.3920611798481014
layer_14_mlp_out,layer_16_mha_output_out,28,31,-0.0631452341655876,0.41907736379202126,-0.529363351766094
layer_14_mlp_out,layer_16_mlp_out,28,32,0.26266617515040247,0.6991304736198133,-0.2944975519076622
layer_14_mlp_out,layer_17_mha_output_out,28,33,0.009051032808604753,0.2010311854629997,-0.15703120622672354
layer_14_mlp_out,layer_17_mlp_out,28,34,0.2685024015924957,0.6810510119715927,-0.22449489344579276
layer_14_mlp_out,layer_18_mha_output_out,28,35,0.0329802756343619,0.1964582298109676,-0.0236657512062923
layer_14_mlp_out,layer_18_mlp_out,28,36,0.27536034471335313,0.677372491886368,-0.18771959151164005
layer_14_mlp_out,layer_19_mha_output_out,28,37,-0.0017069712120068026,0.2071673086159415,-0.2150264274705149
layer_14_mlp_out,layer_19_mlp_out,28,38,0.23483374917472044,0.6086236889333679,-0.15057419116920376
layer_14_mlp_out,layer_20_mha_output_out,28,39,-0.04810625472438779,0.23071737889099697,-0.4107995584396556
layer_14_mlp_out,layer_20_mlp_out,28,40,0.24750696261788085,0.646955531778937,-0.206456587584739
layer_14_mlp_out,layer_21_mha_output_out,28,41,0.04439067118218132,0.23567148913952207,-0.04044212125401756
layer_14_mlp_out,layer_21_mlp_out,28,42,0.3288394098671996,0.7257914543949899,-0.09945521802530091
layer_14_mlp_out,layer_22_mha_output_out,28,43,0.05166043380861385,0.1646786609150702,0.17568513103652797
layer_14_mlp_out,layer_22_mlp_out,28,44,0.41160856847052285,0.8384881928776562,-0.013946892750340894
layer_14_mlp_out,layer_23_mha_output_out,28,45,0.025183540682496397,0.16983789681405978,-0.018197463772922157
layer_14_mlp_out,layer_23_mlp_out,28,46,0.3793205327426671,0.7520510539207111,0.1557792411910897
layer_14_mlp_out,layer_24_mha_output_out,28,47,0.02408599036822867,0.16671026336152905,-0.019138680102581115
layer_14_mlp_out,layer_24_mlp_out,28,48,0.3138939920921341,0.6705411468225025,0.021649204194532215
layer_14_mlp_out,layer_25_mha_output_out,28,49,0.008239036086226559,0.1073084204697689,-0.03014195711140915
layer_14_mlp_out,layer_25_mlp_out,28,50,0.270623997043282,0.5923884038338977,0.05397582922701238
layer_14_mlp_out,layer_26_mha_output_out,28,51,0.05982887528928438,0.2289758720736879,0.05226659399767753
layer_14_mlp_out,layer_26_mlp_out,28,52,0.28216759095855626,0.6399512711332366,-0.04236589646747202
layer_14_mlp_out,layer_27_mha_output_out,28,53,0.05610598885684792,0.20665300335344727,0.08610164431619788
layer_14_mlp_out,layer_27_mlp_out,28,54,0.1879029422603864,0.5716566484669298,-0.21714675793497643
layer_14_mlp_out,layer_28_mha_output_out,28,55,0.04342870061261728,0.16461402344659495,0.11647287143066122
layer_14_mlp_out,layer_28_mlp_out,28,56,-0.14711428938538673,0.5170193391130303,-0.6781053931849153
layer_15_mha_output_out,layer_1_mha_output_out,29,1,0.0,0.0,NaN
layer_15_mha_output_out,layer_1_mlp_out,29,2,0.0,0.0,NaN
layer_15_mha_output_out,layer_2_mha_output_out,29,3,0.0,0.0,NaN
layer_15_mha_output_out,layer_2_mlp_out,29,4,0.0,0.0,NaN
layer_15_mha_output_out,layer_3_mha_output_out,29,5,0.0,0.0,NaN
layer_15_mha_output_out,layer_3_mlp_out,29,6,0.0,0.0,NaN
layer_15_mha_output_out,layer_4_mha_output_out,29,7,0.0,0.0,NaN
layer_15_mha_output_out,layer_4_mlp_out,29,8,0.0,0.0,NaN
layer_15_mha_output_out,layer_5_mha_output_out,29,9,0.0,0.0,NaN
layer_15_mha_output_out,layer_5_mlp_out,29,10,0.0,0.0,NaN
layer_15_mha_output_out,layer_6_mha_output_out,29,11,0.0,0.0,NaN
layer_15_mha_output_out,layer_6_mlp_out,29,12,0.0,0.0,NaN
layer_15_mha_output_out,layer_7_mha_output_out,29,13,0.0,0.0,NaN
layer_15_mha_output_out,layer_7_mlp_out,29,14,0.0,0.0,NaN
layer_15_mha_output_out,layer_8_mha_output_out,29,15,0.0,0.0,NaN
layer_15_mha_output_out,layer_8_mlp_out,29,16,0.0,0.0,NaN
layer_15_mha_output_out,layer_9_mha_output_out,29,17,0.0,0.0,NaN
layer_15_mha_output_out,layer_9_mlp_out,29,18,0.0,0.0,NaN
layer_15_mha_output_out,layer_10_mha_output_out,29,19,0.0,0.0,NaN
layer_15_mha_output_out,layer_10_mlp_out,29,20,0.0,0.0,NaN
layer_15_mha_output_out,layer_11_mha_output_out,29,21,0.0,0.0,NaN
layer_15_mha_output_out,layer_11_mlp_out,29,22,0.0,0.0,NaN
layer_15_mha_output_out,layer_12_mha_output_out,29,23,0.0,0.0,NaN
layer_15_mha_output_out,layer_12_mlp_out,29,24,0.0,0.0,NaN
layer_15_mha_output_out,layer_13_mha_output_out,29,25,0.0,0.0,NaN
layer_15_mha_output_out,layer_13_mlp_out,29,26,0.0,0.0,NaN
layer_15_mha_output_out,layer_14_mha_output_out,29,27,0.0,0.0,NaN
layer_15_mha_output_out,layer_14_mlp_out,29,28,0.0,0.0,NaN
layer_15_mha_output_out,layer_15_mha_output_out,29,29,1.0,Inf,NaN
layer_15_mha_output_out,layer_15_mlp_out,29,30,0.31865792851761565,0.7961176901677675,-0.39197640168681497
layer_15_mha_output_out,layer_16_mha_output_out,29,31,-0.06238794821490834,0.42492149781750027,-0.5318870826473154
layer_15_mha_output_out,layer_16_mlp_out,29,32,0.26362068097656643,0.7011495489844902,-0.2968290545595165
layer_15_mha_output_out,layer_17_mha_output_out,29,33,0.008378754764045704,0.20189978261913819,-0.16141342792715416
layer_15_mha_output_out,layer_17_mlp_out,29,34,0.2742067070223987,0.6871591652517552,-0.22075847082461808
layer_15_mha_output_out,layer_18_mha_output_out,29,35,0.031320746040396696,0.19670817615292788,-0.03341592899351558
layer_15_mha_output_out,layer_18_mlp_out,29,36,0.2746739713814432,0.6783607236195819,-0.19332934226255094
layer_15_mha_output_out,layer_19_mha_output_out,29,37,-0.0018176858032212806,0.2091837194636285,-0.21746281450427032
layer_15_mha_output_out,layer_19_mlp_out,29,38,0.23594690658876405,0.6102415999792336,-0.15074981783005836
layer_15_mha_output_out,layer_20_mha_output_out,29,39,-0.04804221256794561,0.23107564954455836,-0.4106288567220414
layer_15_mha_output_out,layer_20_mlp_out,29,40,0.2508647730834186,0.6507717218552647,-0.2047640840892823
layer_15_mha_output_out,layer_21_mha_output_out,29,41,0.044783428174067774,0.23578820365237366,-0.038770621533582655
layer_15_mha_output_out,layer_21_mlp_out,29,42,0.32768462871670134,0.7244015226542982,-0.1006122372041611
layer_15_mha_output_out,layer_22_mha_output_out,29,43,0.051831802645100566,0.16519604079784417,0.1752977122190486
layer_15_mha_output_out,layer_22_mlp_out,29,44,0.4121675059092914,0.8395881479711109,-0.014919856864826388
layer_15_mha_output_out,layer_23_mha_output_out,29,45,0.025316168579327836,0.1691053712874354,-0.01592407189572279
layer_15_mha_output_out,layer_23_mlp_out,29,46,0.37921534802106316,0.7524478850845356,0.15261652008278315
layer_15_mha_output_out,layer_24_mha_output_out,29,47,0.023825459077005062,0.16793402897356288,-0.023162728407235645
layer_15_mha_output_out,layer_24_mlp_out,29,48,0.3144935637351072,0.6718627864896672,0.020284170501935296
layer_15_mha_output_out,layer_25_mha_output_out,29,49,0.008198021902130037,0.10705266721014862,-0.030089055085633247
layer_15_mha_output_out,layer_25_mlp_out,29,50,0.2718582673218207,0.5942740807717883,0.05423604698479163
layer_15_mha_output_out,layer_26_mha_output_out,29,51,0.06064566271167238,0.23070608530322395,0.052525985430561334
layer_15_mha_output_out,layer_26_mlp_out,29,52,0.2820063398395092,0.6398325251950836,-0.042766049688188035
layer_15_mha_output_out,layer_27_mha_output_out,29,53,0.05777734415700497,0.2085436302073525,0.09108200922889335
layer_15_mha_output_out,layer_27_mlp_out,29,54,0.18953584693904812,0.5751537102708674,-0.21999640965362688
layer_15_mha_output_out,layer_28_mha_output_out,29,55,0.04429374051152479,0.1656438818532525,0.11970049018060583
layer_15_mha_output_out,layer_28_mlp_out,29,56,-0.14665648348329507,0.5163827142118196,-0.6774237591605238
layer_15_mlp_out,layer_1_mha_output_out,30,1,0.0,0.0,NaN
layer_15_mlp_out,layer_1_mlp_out,30,2,0.0,0.0,NaN
layer_15_mlp_out,layer_2_mha_output_out,30,3,0.0,0.0,NaN
layer_15_mlp_out,layer_2_mlp_out,30,4,0.0,0.0,NaN
layer_15_mlp_out,layer_3_mha_output_out,30,5,0.0,0.0,NaN
layer_15_mlp_out,layer_3_mlp_out,30,6,0.0,0.0,NaN
layer_15_mlp_out,layer_4_mha_output_out,30,7,0.0,0.0,NaN
layer_15_mlp_out,layer_4_mlp_out,30,8,0.0,0.0,NaN
layer_15_mlp_out,layer_5_mha_output_out,30,9,0.0,0.0,NaN
layer_15_mlp_out,layer_5_mlp_out,30,10,0.0,0.0,NaN
layer_15_mlp_out,layer_6_mha_output_out,30,11,0.0,0.0,NaN
layer_15_mlp_out,layer_6_mlp_out,30,12,0.0,0.0,NaN
layer_15_mlp_out,layer_7_mha_output_out,30,13,0.0,0.0,NaN
layer_15_mlp_out,layer_7_mlp_out,30,14,0.0,0.0,NaN
layer_15_mlp_out,layer_8_mha_output_out,30,15,0.0,0.0,NaN
layer_15_mlp_out,layer_8_mlp_out,30,16,0.0,0.0,NaN
layer_15_mlp_out,layer_9_mha_output_out,30,17,0.0,0.0,NaN
layer_15_mlp_out,layer_9_mlp_out,30,18,0.0,0.0,NaN
layer_15_mlp_out,layer_10_mha_output_out,30,19,0.0,0.0,NaN
layer_15_mlp_out,layer_10_mlp_out,30,20,0.0,0.0,NaN
layer_15_mlp_out,layer_11_mha_output_out,30,21,0.0,0.0,NaN
layer_15_mlp_out,layer_11_mlp_out,30,22,0.0,0.0,NaN
layer_15_mlp_out,layer_12_mha_output_out,30,23,0.0,0.0,NaN
layer_15_mlp_out,layer_12_mlp_out,30,24,0.0,0.0,NaN
layer_15_mlp_out,layer_13_mha_output_out,30,25,0.0,0.0,NaN
layer_15_mlp_out,layer_13_mlp_out,30,26,0.0,0.0,NaN
layer_15_mlp_out,layer_14_mha_output_out,30,27,0.0,0.0,NaN
layer_15_mlp_out,layer_14_mlp_out,30,28,0.0,0.0,NaN
layer_15_mlp_out,layer_15_mha_output_out,30,29,0.0,0.0,NaN
layer_15_mlp_out,layer_15_mlp_out,30,30,1.0,Inf,NaN
layer_15_mlp_out,layer_16_mha_output_out,30,31,0.008768814593301921,0.4026826615785721,-0.3841120339593072
layer_15_mlp_out,layer_16_mlp_out,30,32,0.28061179245144896,0.7433139118018777,-0.35830719284213935
layer_15_mlp_out,layer_17_mha_output_out,30,33,0.020034041221752785,0.20265902710893446,-0.10390637347184625
layer_15_mlp_out,layer_17_mlp_out,30,34,0.2927077620929369,0.7314715906706613,-0.28269587359937
layer_15_mlp_out,layer_18_mha_output_out,30,35,0.027744244092877568,0.20485813343592618,-0.06748779616079723
layer_15_mlp_out,layer_18_mlp_out,30,36,0.27262383864343764,0.6919165180489945,-0.2402867616544013
layer_15_mlp_out,layer_19_mha_output_out,30,37,-0.005702260198248821,0.2199870054372418,-0.24437534061221705
layer_15_mlp_out,layer_19_mlp_out,30,38,0.26214208717280085,0.6549032808604278,-0.1743678275590013
layer_15_mlp_out,layer_20_mha_output_out,30,39,-0.05229435241156,0.24407066288299037,-0.4264874741839491
layer_15_mlp_out,layer_20_mlp_out,30,40,0.25844505070000345,0.6744891407945642,-0.24217928305595285
layer_15_mlp_out,layer_21_mha_output_out,30,41,0.031647606845222054,0.23710823157623453,-0.10262686009887333
layer_15_mlp_out,layer_21_mlp_out,30,42,0.3287246128741742,0.7382231192007055,-0.14672081929398284
layer_15_mlp_out,layer_22_mha_output_out,30,43,0.048764322055557696,0.16861472841147462,0.14273388725343938
layer_15_mlp_out,layer_22_mlp_out,30,44,0.3964261945904659,0.8187608538914584,-0.0482957911145764
layer_15_mlp_out,layer_23_mha_output_out,30,45,0.019287899303572997,0.1709751318987088,-0.05706767323024421
layer_15_mlp_out,layer_23_mlp_out,30,46,0.3626109591986384,0.7318794365565815,0.105393536440274
layer_15_mlp_out,layer_24_mha_output_out,30,47,0.020327687543581607,0.16714984629900223,-0.04392427628240876
layer_15_mlp_out,layer_24_mlp_out,30,48,0.30628775415361054,0.6700798447718331,-0.020006903636474446
layer_15_mlp_out,layer_25_mha_output_out,30,49,0.008328554260360499,0.1072335440496351,-0.029158708922644088
layer_15_mlp_out,layer_25_mlp_out,30,50,0.2831347142239852,0.6132426808760056,0.050926862785946846
layer_15_mlp_out,layer_26_mha_output_out,30,51,0.053307474051829784,0.23306379422948592,0.00904992365039459
layer_15_mlp_out,layer_26_mlp_out,30,52,0.31381829734492694,0.6923464699504998,-0.05856583004971736
layer_15_mlp_out,layer_27_mha_output_out,30,53,0.0392513524671938,0.19504768466486871,0.0150276916923537
layer_15_mlp_out,layer_27_mlp_out,30,54,0.18320053366663447,0.5729670452803134,-0.2339951676688158
layer_15_mlp_out,layer_28_mha_output_out,30,55,0.03567917842611423,0.16371586384747908,0.06467395487474023
layer_15_mlp_out,layer_28_mlp_out,30,56,-0.12809505105555807,0.5247712489531049,-0.6655750414851529
layer_16_mha_output_out,layer_1_mha_output_out,31,1,0.0,0.0,NaN
layer_16_mha_output_out,layer_1_mlp_out,31,2,0.0,0.0,NaN
layer_16_mha_output_out,layer_2_mha_output_out,31,3,0.0,0.0,NaN
layer_16_mha_output_out,layer_2_mlp_out,31,4,0.0,0.0,NaN
layer_16_mha_output_out,layer_3_mha_output_out,31,5,0.0,0.0,NaN
layer_16_mha_output_out,layer_3_mlp_out,31,6,0.0,0.0,NaN
layer_16_mha_output_out,layer_4_mha_output_out,31,7,0.0,0.0,NaN
layer_16_mha_output_out,layer_4_mlp_out,31,8,0.0,0.0,NaN
layer_16_mha_output_out,layer_5_mha_output_out,31,9,0.0,0.0,NaN
layer_16_mha_output_out,layer_5_mlp_out,31,10,0.0,0.0,NaN
layer_16_mha_output_out,layer_6_mha_output_out,31,11,0.0,0.0,NaN
layer_16_mha_output_out,layer_6_mlp_out,31,12,0.0,0.0,NaN
layer_16_mha_output_out,layer_7_mha_output_out,31,13,0.0,0.0,NaN
layer_16_mha_output_out,layer_7_mlp_out,31,14,0.0,0.0,NaN
layer_16_mha_output_out,layer_8_mha_output_out,31,15,0.0,0.0,NaN
layer_16_mha_output_out,layer_8_mlp_out,31,16,0.0,0.0,NaN
layer_16_mha_output_out,layer_9_mha_output_out,31,17,0.0,0.0,NaN
layer_16_mha_output_out,layer_9_mlp_out,31,18,0.0,0.0,NaN
layer_16_mha_output_out,layer_10_mha_output_out,31,19,0.0,0.0,NaN
layer_16_mha_output_out,layer_10_mlp_out,31,20,0.0,0.0,NaN
layer_16_mha_output_out,layer_11_mha_output_out,31,21,0.0,0.0,NaN
layer_16_mha_output_out,layer_11_mlp_out,31,22,0.0,0.0,NaN
layer_16_mha_output_out,layer_12_mha_output_out,31,23,0.0,0.0,NaN
layer_16_mha_output_out,layer_12_mlp_out,31,24,0.0,0.0,NaN
layer_16_mha_output_out,layer_13_mha_output_out,31,25,0.0,0.0,NaN
layer_16_mha_output_out,layer_13_mlp_out,31,26,0.0,0.0,NaN
layer_16_mha_output_out,layer_14_mha_output_out,31,27,0.0,0.0,NaN
layer_16_mha_output_out,layer_14_mlp_out,31,28,0.0,0.0,NaN
layer_16_mha_output_out,layer_15_mha_output_out,31,29,0.0,0.0,NaN
layer_16_mha_output_out,layer_15_mlp_out,31,30,0.0,0.0,NaN
layer_16_mha_output_out,layer_16_mha_output_out,31,31,1.0,Inf,NaN
layer_16_mha_output_out,layer_16_mlp_out,31,32,0.3132966273059953,0.7714643968428216,-0.33116917907286597
layer_16_mha_output_out,layer_17_mha_output_out,31,33,0.017678680580687445,0.20572021657827802,-0.12040500479251995
layer_16_mha_output_out,layer_17_mlp_out,31,34,0.2924334440911459,0.7315539591277177,-0.28395781963117495
layer_16_mha_output_out,layer_18_mha_output_out,31,35,0.025614520361714077,0.20332326772825707,-0.07603094480586282
layer_16_mha_output_out,layer_18_mlp_out,31,36,0.2834844994057819,0.7020622734349327,-0.22919894254205628
layer_16_mha_output_out,layer_19_mha_output_out,31,37,-0.007864672728767674,0.22123079121436728,-0.25451694385345386
layer_16_mha_output_out,layer_19_mlp_out,31,38,0.26550857598652433,0.6559847738086978,-0.16432821284373594
layer_16_mha_output_out,layer_20_mha_output_out,31,39,-0.057259333630249154,0.24766597102215415,-0.44238197109405303
layer_16_mha_output_out,layer_20_mlp_out,31,40,0.2603420085197128,0.6752060282151755,-0.23752047059193052
layer_16_mha_output_out,layer_21_mha_output_out,31,41,0.027802416718942013,0.2296116984267716,-0.10815752365617581
layer_16_mha_output_out,layer_21_mlp_out,31,42,0.3368815935426691,0.7470843924978517,-0.13633341875109328
layer_16_mha_output_out,layer_22_mha_output_out,31,43,0.04695759067957761,0.16510559315203005,0.14022618359462227
layer_16_mha_output_out,layer_22_mlp_out,31,44,0.3932024228189751,0.8121268228787394,-0.04041651160932884
layer_16_mha_output_out,layer_23_mha_output_out,31,45,0.01629279587880339,0.16805678227349446,-0.0706734430180191
layer_16_mha_output_out,layer_23_mlp_out,31,46,0.3597885107839488,0.7259904368678328,0.1098182843647873
layer_16_mha_output_out,layer_24_mha_output_out,31,47,0.022380878572420992,0.1629094119196843,-0.022906329244848735
layer_16_mha_output_out,layer_24_mlp_out,31,48,0.30301102625564813,0.6656661767468355,-0.022240615324657296
layer_16_mha_output_out,layer_25_mha_output_out,31,49,0.008629941494975424,0.10718232992603742,-0.026192983175328487
layer_16_mha_output_out,layer_25_mlp_out,31,50,0.2845964177110001,0.6111025471857986,0.06621246404257028
layer_16_mha_output_out,layer_26_mha_output_out,31,51,0.04991200434778964,0.23141231747890006,-0.00464105036490286
layer_16_mha_output_out,layer_26_mlp_out,31,52,0.31130252293442984,0.6865066697940468,-0.05123694494615579
layer_16_mha_output_out,layer_27_mha_output_out,31,53,0.036453226748038525,0.1918099571716965,0.0056421512969068955
layer_16_mha_output_out,layer_27_mlp_out,31,54,0.1884187840351077,0.5748733364466047,-0.22273383748845269
layer_16_mha_output_out,layer_28_mha_output_out,31,55,0.0359638863774312,0.1631355345015478,0.06808250875248324
layer_16_mha_output_out,layer_28_mlp_out,31,56,-0.11554256315897526,0.5255912268603798,-0.6548311527138849
layer_16_mlp_out,layer_1_mha_output_out,32,1,0.0,0.0,NaN
layer_16_mlp_out,layer_1_mlp_out,32,2,0.0,0.0,NaN
layer_16_mlp_out,layer_2_mha_output_out,32,3,0.0,0.0,NaN
layer_16_mlp_out,layer_2_mlp_out,32,4,0.0,0.0,NaN
layer_16_mlp_out,layer_3_mha_output_out,32,5,0.0,0.0,NaN
layer_16_mlp_out,layer_3_mlp_out,32,6,0.0,0.0,NaN
layer_16_mlp_out,layer_4_mha_output_out,32,7,0.0,0.0,NaN
layer_16_mlp_out,layer_4_mlp_out,32,8,0.0,0.0,NaN
layer_16_mlp_out,layer_5_mha_output_out,32,9,0.0,0.0,NaN
layer_16_mlp_out,layer_5_mlp_out,32,10,0.0,0.0,NaN
layer_16_mlp_out,layer_6_mha_output_out,32,11,0.0,0.0,NaN
layer_16_mlp_out,layer_6_mlp_out,32,12,0.0,0.0,NaN
layer_16_mlp_out,layer_7_mha_output_out,32,13,0.0,0.0,NaN
layer_16_mlp_out,layer_7_mlp_out,32,14,0.0,0.0,NaN
layer_16_mlp_out,layer_8_mha_output_out,32,15,0.0,0.0,NaN
layer_16_mlp_out,layer_8_mlp_out,32,16,0.0,0.0,NaN
layer_16_mlp_out,layer_9_mha_output_out,32,17,0.0,0.0,NaN
layer_16_mlp_out,layer_9_mlp_out,32,18,0.0,0.0,NaN
layer_16_mlp_out,layer_10_mha_output_out,32,19,0.0,0.0,NaN
layer_16_mlp_out,layer_10_mlp_out,32,20,0.0,0.0,NaN
layer_16_mlp_out,layer_11_mha_output_out,32,21,0.0,0.0,NaN
layer_16_mlp_out,layer_11_mlp_out,32,22,0.0,0.0,NaN
layer_16_mlp_out,layer_12_mha_output_out,32,23,0.0,0.0,NaN
layer_16_mlp_out,layer_12_mlp_out,32,24,0.0,0.0,NaN
layer_16_mlp_out,layer_13_mha_output_out,32,25,0.0,0.0,NaN
layer_16_mlp_out,layer_13_mlp_out,32,26,0.0,0.0,NaN
layer_16_mlp_out,layer_14_mha_output_out,32,27,0.0,0.0,NaN
layer_16_mlp_out,layer_14_mlp_out,32,28,0.0,0.0,NaN
layer_16_mlp_out,layer_15_mha_output_out,32,29,0.0,0.0,NaN
layer_16_mlp_out,layer_15_mlp_out,32,30,0.0,0.0,NaN
layer_16_mlp_out,layer_16_mha_output_out,32,31,0.0,0.0,NaN
layer_16_mlp_out,layer_16_mlp_out,32,32,1.0,Inf,NaN
layer_16_mlp_out,layer_17_mha_output_out,32,33,0.031042422316834184,0.2097481964312536,-0.05889507764487196
layer_16_mlp_out,layer_17_mlp_out,32,34,0.33001191313822575,0.7865404283310857,-0.31590071835087813
layer_16_mlp_out,layer_18_mha_output_out,32,35,0.02528310019673452,0.21019023451805802,-0.08909438843496975
layer_16_mlp_out,layer_18_mlp_out,32,36,0.2874075295945424,0.7244325954718486,-0.2810319166724703
layer_16_mlp_out,layer_19_mha_output_out,32,37,0.001422112142070442,0.22931053160611742,-0.22341819076178868
layer_16_mlp_out,layer_19_mlp_out,32,38,0.28425128764093854,0.6945612511789373,-0.20365893050819386
layer_16_mlp_out,layer_20_mha_output_out,32,39,-0.04829795666618941,0.2587934827429691,-0.41758325078504016
layer_16_mlp_out,layer_20_mlp_out,32,40,0.26353634077628096,0.6891431572794993,-0.26455922837528933
layer_16_mlp_out,layer_21_mha_output_out,32,41,0.02396444603617176,0.23575287169608458,-0.13491899592663847
layer_16_mlp_out,layer_21_mlp_out,32,42,0.3426232477046106,0.7654206916700506,-0.1764631755598708
layer_16_mlp_out,layer_22_mha_output_out,32,43,0.04753062718839007,0.17053086138606355,0.12851271413984292
layer_16_mlp_out,layer_22_mlp_out,32,44,0.38005971169257935,0.795868236709555,-0.06607365537503171
layer_16_mlp_out,layer_23_mha_output_out,32,45,0.013265150333632625,0.16910043476527806,-0.09082141696729447
layer_16_mlp_out,layer_23_mlp_out,32,46,0.3569357408940297,0.7284212665589329,0.07545949357549549
layer_16_mlp_out,layer_24_mha_output_out,32,47,0.022224998291009546,0.16453995269705743,-0.02701008387067463
layer_16_mlp_out,layer_24_mlp_out,32,48,0.294947295893598,0.6616827984184765,-0.05064048997129449
layer_16_mlp_out,layer_25_mha_output_out,32,49,0.010151355159357722,0.10871834156436265,-0.01453686424287091
layer_16_mlp_out,layer_25_mlp_out,32,50,0.29583084639361434,0.6329163202567789,0.05321310327565603
layer_16_mlp_out,layer_26_mha_output_out,32,51,0.04455277773561028,0.22617030730510737,-0.020975044684351605
layer_16_mlp_out,layer_26_mlp_out,32,52,0.3282828111912143,0.7180908508418375,-0.07335728535478116
layer_16_mlp_out,layer_27_mha_output_out,32,53,0.028183597887639356,0.1840526199827311,-0.027274823884990418
layer_16_mlp_out,layer_27_mlp_out,32,54,0.1833668959405118,0.5802555217172732,-0.24925578719888855
layer_16_mlp_out,layer_28_mha_output_out,32,55,0.030081036606431244,0.16200432256809832,0.030376931281696513
layer_16_mlp_out,layer_28_mlp_out,32,56,-0.09894818041099507,0.5332140299338728,-0.6440823782394668
layer_17_mha_output_out,layer_1_mha_output_out,33,1,0.0,0.0,NaN
layer_17_mha_output_out,layer_1_mlp_out,33,2,0.0,0.0,NaN
layer_17_mha_output_out,layer_2_mha_output_out,33,3,0.0,0.0,NaN
layer_17_mha_output_out,layer_2_mlp_out,33,4,0.0,0.0,NaN
layer_17_mha_output_out,layer_3_mha_output_out,33,5,0.0,0.0,NaN
layer_17_mha_output_out,layer_3_mlp_out,33,6,0.0,0.0,NaN
layer_17_mha_output_out,layer_4_mha_output_out,33,7,0.0,0.0,NaN
layer_17_mha_output_out,layer_4_mlp_out,33,8,0.0,0.0,NaN
layer_17_mha_output_out,layer_5_mha_output_out,33,9,0.0,0.0,NaN
layer_17_mha_output_out,layer_5_mlp_out,33,10,0.0,0.0,NaN
layer_17_mha_output_out,layer_6_mha_output_out,33,11,0.0,0.0,NaN
layer_17_mha_output_out,layer_6_mlp_out,33,12,0.0,0.0,NaN
layer_17_mha_output_out,layer_7_mha_output_out,33,13,0.0,0.0,NaN
layer_17_mha_output_out,layer_7_mlp_out,33,14,0.0,0.0,NaN
layer_17_mha_output_out,layer_8_mha_output_out,33,15,0.0,0.0,NaN
layer_17_mha_output_out,layer_8_mlp_out,33,16,0.0,0.0,NaN
layer_17_mha_output_out,layer_9_mha_output_out,33,17,0.0,0.0,NaN
layer_17_mha_output_out,layer_9_mlp_out,33,18,0.0,0.0,NaN
layer_17_mha_output_out,layer_10_mha_output_out,33,19,0.0,0.0,NaN
layer_17_mha_output_out,layer_10_mlp_out,33,20,0.0,0.0,NaN
layer_17_mha_output_out,layer_11_mha_output_out,33,21,0.0,0.0,NaN
layer_17_mha_output_out,layer_11_mlp_out,33,22,0.0,0.0,NaN
layer_17_mha_output_out,layer_12_mha_output_out,33,23,0.0,0.0,NaN
layer_17_mha_output_out,layer_12_mlp_out,33,24,0.0,0.0,NaN
layer_17_mha_output_out,layer_13_mha_output_out,33,25,0.0,0.0,NaN
layer_17_mha_output_out,layer_13_mlp_out,33,26,0.0,0.0,NaN
layer_17_mha_output_out,layer_14_mha_output_out,33,27,0.0,0.0,NaN
layer_17_mha_output_out,layer_14_mlp_out,33,28,0.0,0.0,NaN
layer_17_mha_output_out,layer_15_mha_output_out,33,29,0.0,0.0,NaN
layer_17_mha_output_out,layer_15_mlp_out,33,30,0.0,0.0,NaN
layer_17_mha_output_out,layer_16_mha_output_out,33,31,0.0,0.0,NaN
layer_17_mha_output_out,layer_16_mlp_out,33,32,0.0,0.0,NaN
layer_17_mha_output_out,layer_17_mha_output_out,33,33,1.0,Inf,NaN
layer_17_mha_output_out,layer_17_mlp_out,33,34,0.3342170729385273,0.7913391049360435,-0.3152205819711434
layer_17_mha_output_out,layer_18_mha_output_out,33,35,0.02444461001626741,0.21344875852346745,-0.09852578924735586
layer_17_mha_output_out,layer_18_mlp_out,33,36,0.2908971272697384,0.7278664586080366,-0.27851104503903457
layer_17_mha_output_out,layer_19_mha_output_out,33,37,0.0007730627258996092,0.23134652506227674,-0.22817889372640454
layer_17_mha_output_out,layer_19_mlp_out,33,38,0.2896952039559051,0.7001392976640101,-0.19862682562985856
layer_17_mha_output_out,layer_20_mha_output_out,33,39,-0.05019979985520351,0.2607351243054228,-0.42380582850744397
layer_17_mha_output_out,layer_20_mlp_out,33,40,0.2690596821375796,0.6964278854421143,-0.2656632952933284
layer_17_mha_output_out,layer_21_mha_output_out,33,41,0.021589777280273892,0.23649583573384406,-0.14642207708996688
layer_17_mha_output_out,layer_21_mlp_out,33,42,0.34681152032975604,0.771171307494087,-0.1762526376018951
layer_17_mha_output_out,layer_22_mha_output_out,33,43,0.04704664217386345,0.17100984534200334,0.123794552590649
layer_17_mha_output_out,layer_22_mlp_out,33,44,0.38175151138493535,0.7982915841304971,-0.06482936082882367
layer_17_mha_output_out,layer_23_mha_output_out,33,45,0.013225246470412788,0.1696528480860694,-0.09188478876316221
layer_17_mha_output_out,layer_23_mlp_out,33,46,0.35697048504856876,0.7291728929466401,0.0722775660285229
layer_17_mha_output_out,layer_24_mha_output_out,33,47,0.021417306631328903,0.16419889137163968,-0.03160064727442631
layer_17_mha_output_out,layer_24_mlp_out,33,48,0.29798236936038225,0.667398065533311,-0.05455338496012883
layer_17_mha_output_out,layer_25_mha_output_out,33,49,0.011151459387498619,0.10881793987696117,-0.005243267548370882
layer_17_mha_output_out,layer_25_mlp_out,33,50,0.3005138442682681,0.6380546759539388,0.0618440384091747
layer_17_mha_output_out,layer_26_mha_output_out,33,51,0.0438572163789166,0.2268045393427518,-0.02574569274775647
layer_17_mha_output_out,layer_26_mlp_out,33,52,0.3323296034338019,0.7224206569490857,-0.06654901244584792
layer_17_mha_output_out,layer_27_mha_output_out,33,53,0.027091492426961628,0.1813399298480901,-0.02857950548617775
layer_17_mha_output_out,layer_27_mlp_out,33,54,0.18172473408475343,0.578026706057893,-0.2491504140168115
layer_17_mha_output_out,layer_28_mha_output_out,33,55,0.028696159344745564,0.16032407051432682,0.024681615056490736
layer_17_mha_output_out,layer_28_mlp_out,33,56,-0.0963310663791237,0.5332782662021323,-0.6416644830742083
layer_17_mlp_out,layer_1_mha_output_out,34,1,0.0,0.0,NaN
layer_17_mlp_out,layer_1_mlp_out,34,2,0.0,0.0,NaN
layer_17_mlp_out,layer_2_mha_output_out,34,3,0.0,0.0,NaN
layer_17_mlp_out,layer_2_mlp_out,34,4,0.0,0.0,NaN
layer_17_mlp_out,layer_3_mha_output_out,34,5,0.0,0.0,NaN
layer_17_mlp_out,layer_3_mlp_out,34,6,0.0,0.0,NaN
layer_17_mlp_out,layer_4_mha_output_out,34,7,0.0,0.0,NaN
layer_17_mlp_out,layer_4_mlp_out,34,8,0.0,0.0,NaN
layer_17_mlp_out,layer_5_mha_output_out,34,9,0.0,0.0,NaN
layer_17_mlp_out,layer_5_mlp_out,34,10,0.0,0.0,NaN
layer_17_mlp_out,layer_6_mha_output_out,34,11,0.0,0.0,NaN
layer_17_mlp_out,layer_6_mlp_out,34,12,0.0,0.0,NaN
layer_17_mlp_out,layer_7_mha_output_out,34,13,0.0,0.0,NaN
layer_17_mlp_out,layer_7_mlp_out,34,14,0.0,0.0,NaN
layer_17_mlp_out,layer_8_mha_output_out,34,15,0.0,0.0,NaN
layer_17_mlp_out,layer_8_mlp_out,34,16,0.0,0.0,NaN
layer_17_mlp_out,layer_9_mha_output_out,34,17,0.0,0.0,NaN
layer_17_mlp_out,layer_9_mlp_out,34,18,0.0,0.0,NaN
layer_17_mlp_out,layer_10_mha_output_out,34,19,0.0,0.0,NaN
layer_17_mlp_out,layer_10_mlp_out,34,20,0.0,0.0,NaN
layer_17_mlp_out,layer_11_mha_output_out,34,21,0.0,0.0,NaN
layer_17_mlp_out,layer_11_mlp_out,34,22,0.0,0.0,NaN
layer_17_mlp_out,layer_12_mha_output_out,34,23,0.0,0.0,NaN
layer_17_mlp_out,layer_12_mlp_out,34,24,0.0,0.0,NaN
layer_17_mlp_out,layer_13_mha_output_out,34,25,0.0,0.0,NaN
layer_17_mlp_out,layer_13_mlp_out,34,26,0.0,0.0,NaN
layer_17_mlp_out,layer_14_mha_output_out,34,27,0.0,0.0,NaN
layer_17_mlp_out,layer_14_mlp_out,34,28,0.0,0.0,NaN
layer_17_mlp_out,layer_15_mha_output_out,34,29,0.0,0.0,NaN
layer_17_mlp_out,layer_15_mlp_out,34,30,0.0,0.0,NaN
layer_17_mlp_out,layer_16_mha_output_out,34,31,0.0,0.0,NaN
layer_17_mlp_out,layer_16_mlp_out,34,32,0.0,0.0,NaN
layer_17_mlp_out,layer_17_mha_output_out,34,33,0.0,0.0,NaN
layer_17_mlp_out,layer_17_mlp_out,34,34,1.0,Inf,NaN
layer_17_mlp_out,layer_18_mha_output_out,34,35,0.03903241188856621,0.23360604384485176,-0.06226181259852254
layer_17_mlp_out,layer_18_mlp_out,34,36,0.3231930078812103,0.7787783581644391,-0.31696329026931125
layer_17_mlp_out,layer_19_mha_output_out,34,37,0.004241361288653933,0.23853779872348108,-0.2216253929484363
layer_17_mlp_out,layer_19_mlp_out,34,38,0.3109992747188869,0.7357183357927406,-0.22273812199915569
layer_17_mlp_out,layer_20_mha_output_out,34,39,-0.038609553445485334,0.26913767320943943,-0.3926642906935153
layer_17_mlp_out,layer_20_mlp_out,34,40,0.28872037879939316,0.7238134837796187,-0.2743898469669263
layer_17_mlp_out,layer_21_mha_output_out,34,41,0.020348979317933558,0.23200233898336214,-0.1454923357785242
layer_17_mlp_out,layer_21_mlp_out,34,42,0.3450428235833687,0.7748869368571722,-0.20081758680163403
layer_17_mlp_out,layer_22_mha_output_out,34,43,0.04860683364131113,0.17172583097921376,0.13255658117359467
layer_17_mlp_out,layer_22_mlp_out,34,44,0.373511329406505,0.7877432492651542,-0.07652298196098892
layer_17_mlp_out,layer_23_mha_output_out,34,45,0.013410812199299404,0.17164200242009084,-0.09372144329910619
layer_17_mlp_out,layer_23_mlp_out,34,46,0.3465819905411255,0.716164258497874,0.05210409606191977
layer_17_mlp_out,layer_24_mha_output_out,34,47,0.019961340561257312,0.16421541512390783,-0.04101922595946022
layer_17_mlp_out,layer_24_mlp_out,34,48,0.30363147186735884,0.6770734306877472,-0.058679825551090255
layer_17_mlp_out,layer_25_mha_output_out,34,49,0.00974996466921052,0.10695384660428398,-0.015043919434233598
layer_17_mlp_out,layer_25_mlp_out,34,50,0.2956688229558583,0.6354046952689186,0.04352810730801451
layer_17_mlp_out,layer_26_mha_output_out,34,51,0.04009022461493883,0.21550755611095193,-0.022657495768608878
layer_17_mlp_out,layer_26_mlp_out,34,52,0.339983743392698,0.7344140702038015,-0.06809704222185183
layer_17_mlp_out,layer_27_mha_output_out,34,53,0.028026759851068506,0.18369975535715316,-0.02752586553968181
layer_17_mlp_out,layer_27_mlp_out,34,54,0.17869163420233747,0.577441382437585,-0.2564565728584024
layer_17_mlp_out,layer_28_mha_output_out,34,55,0.024866209632906422,0.1575594881975509,0.0043982408317704835
layer_17_mlp_out,layer_28_mlp_out,34,56,-0.08597669856659218,0.5365452716445134,-0.6339133789926777
layer_18_mha_output_out,layer_1_mha_output_out,35,1,0.0,0.0,NaN
layer_18_mha_output_out,layer_1_mlp_out,35,2,0.0,0.0,NaN
layer_18_mha_output_out,layer_2_mha_output_out,35,3,0.0,0.0,NaN
layer_18_mha_output_out,layer_2_mlp_out,35,4,0.0,0.0,NaN
layer_18_mha_output_out,layer_3_mha_output_out,35,5,0.0,0.0,NaN
layer_18_mha_output_out,layer_3_mlp_out,35,6,0.0,0.0,NaN
layer_18_mha_output_out,layer_4_mha_output_out,35,7,0.0,0.0,NaN
layer_18_mha_output_out,layer_4_mlp_out,35,8,0.0,0.0,NaN
layer_18_mha_output_out,layer_5_mha_output_out,35,9,0.0,0.0,NaN
layer_18_mha_output_out,layer_5_mlp_out,35,10,0.0,0.0,NaN
layer_18_mha_output_out,layer_6_mha_output_out,35,11,0.0,0.0,NaN
layer_18_mha_output_out,layer_6_mlp_out,35,12,0.0,0.0,NaN
layer_18_mha_output_out,layer_7_mha_output_out,35,13,0.0,0.0,NaN
layer_18_mha_output_out,layer_7_mlp_out,35,14,0.0,0.0,NaN
layer_18_mha_output_out,layer_8_mha_output_out,35,15,0.0,0.0,NaN
layer_18_mha_output_out,layer_8_mlp_out,35,16,0.0,0.0,NaN
layer_18_mha_output_out,layer_9_mha_output_out,35,17,0.0,0.0,NaN
layer_18_mha_output_out,layer_9_mlp_out,35,18,0.0,0.0,NaN
layer_18_mha_output_out,layer_10_mha_output_out,35,19,0.0,0.0,NaN
layer_18_mha_output_out,layer_10_mlp_out,35,20,0.0,0.0,NaN
layer_18_mha_output_out,layer_11_mha_output_out,35,21,0.0,0.0,NaN
layer_18_mha_output_out,layer_11_mlp_out,35,22,0.0,0.0,NaN
layer_18_mha_output_out,layer_12_mha_output_out,35,23,0.0,0.0,NaN
layer_18_mha_output_out,layer_12_mlp_out,35,24,0.0,0.0,NaN
layer_18_mha_output_out,layer_13_mha_output_out,35,25,0.0,0.0,NaN
layer_18_mha_output_out,layer_13_mlp_out,35,26,0.0,0.0,NaN
layer_18_mha_output_out,layer_14_mha_output_out,35,27,0.0,0.0,NaN
layer_18_mha_output_out,layer_14_mlp_out,35,28,0.0,0.0,NaN
layer_18_mha_output_out,layer_15_mha_output_out,35,29,0.0,0.0,NaN
layer_18_mha_output_out,layer_15_mlp_out,35,30,0.0,0.0,NaN
layer_18_mha_output_out,layer_16_mha_output_out,35,31,0.0,0.0,NaN
layer_18_mha_output_out,layer_16_mlp_out,35,32,0.0,0.0,NaN
layer_18_mha_output_out,layer_17_mha_output_out,35,33,0.0,0.0,NaN
layer_18_mha_output_out,layer_17_mlp_out,35,34,0.0,0.0,NaN
layer_18_mha_output_out,layer_18_mha_output_out,35,35,1.0,Inf,NaN
layer_18_mha_output_out,layer_18_mlp_out,35,36,0.3254358270887856,0.7796282515500674,-0.31073077836819807
layer_18_mha_output_out,layer_19_mha_output_out,35,37,0.0050028540536106725,0.24145170080622608,-0.22174254871877722
layer_18_mha_output_out,layer_19_mlp_out,35,38,0.313148642074333,0.7391405969752134,-0.22481467719271161
layer_18_mha_output_out,layer_20_mha_output_out,35,39,-0.04104801304319583,0.2726836626715186,-0.40145257604776885
layer_18_mha_output_out,layer_20_mlp_out,35,40,0.29157638324755986,0.7292118314544739,-0.2800533572105266
layer_18_mha_output_out,layer_21_mha_output_out,35,41,0.02104981320475474,0.23446182087351244,-0.14588903846944076
layer_18_mha_output_out,layer_21_mlp_out,35,42,0.34675475305315373,0.7780848831839106,-0.204341337521198
layer_18_mha_output_out,layer_22_mha_output_out,35,43,0.04714560458653816,0.17296858056435163,0.1189715467269397
layer_18_mha_output_out,layer_22_mlp_out,35,44,0.37531801904753226,0.7914836820449604,-0.08112668170809231
layer_18_mha_output_out,layer_23_mha_output_out,35,45,0.01397050697334734,0.1732446733948439,-0.09277629504010583
layer_18_mha_output_out,layer_23_mlp_out,35,46,0.34840571767770045,0.7201661326395161,0.04792089465936297
layer_18_mha_output_out,layer_24_mha_output_out,35,47,0.0201583914303195,0.16635869951830892,-0.04358825940529647
layer_18_mha_output_out,layer_24_mlp_out,35,48,0.30798132389349875,0.6856704055111519,-0.0659533565944661
layer_18_mha_output_out,layer_25_mha_output_out,35,49,0.009538007904760115,0.10804040954465424,-0.01909226740792939
layer_18_mha_output_out,layer_25_mlp_out,35,50,0.3005083747389481,0.643536201098317,0.04214720364980843
layer_18_mha_output_out,layer_26_mha_output_out,35,51,0.04064833160343129,0.21989690104156268,-0.02841688584912908
layer_18_mha_output_out,layer_26_mlp_out,35,52,0.34615750957902425,0.7447436274433935,-0.0719701245130473
layer_18_mha_output_out,layer_27_mha_output_out,35,53,0.029156692670266215,0.18385984506988878,-0.021151432405775012
layer_18_mha_output_out,layer_27_mlp_out,35,54,0.17964581251659173,0.5819161522893169,-0.2632447178955106
layer_18_mha_output_out,layer_28_mha_output_out,35,55,0.025278825656631754,0.15763800754433224,0.007064002334720308
layer_18_mha_output_out,layer_28_mlp_out,35,56,-0.09024380795694187,0.5385078511814869,-0.639300294142178
layer_18_mlp_out,layer_1_mha_output_out,36,1,0.0,0.0,NaN
layer_18_mlp_out,layer_1_mlp_out,36,2,0.0,0.0,NaN
layer_18_mlp_out,layer_2_mha_output_out,36,3,0.0,0.0,NaN
layer_18_mlp_out,layer_2_mlp_out,36,4,0.0,0.0,NaN
layer_18_mlp_out,layer_3_mha_output_out,36,5,0.0,0.0,NaN
layer_18_mlp_out,layer_3_mlp_out,36,6,0.0,0.0,NaN
layer_18_mlp_out,layer_4_mha_output_out,36,7,0.0,0.0,NaN
layer_18_mlp_out,layer_4_mlp_out,36,8,0.0,0.0,NaN
layer_18_mlp_out,layer_5_mha_output_out,36,9,0.0,0.0,NaN
layer_18_mlp_out,layer_5_mlp_out,36,10,0.0,0.0,NaN
layer_18_mlp_out,layer_6_mha_output_out,36,11,0.0,0.0,NaN
layer_18_mlp_out,layer_6_mlp_out,36,12,0.0,0.0,NaN
layer_18_mlp_out,layer_7_mha_output_out,36,13,0.0,0.0,NaN
layer_18_mlp_out,layer_7_mlp_out,36,14,0.0,0.0,NaN
layer_18_mlp_out,layer_8_mha_output_out,36,15,0.0,0.0,NaN
layer_18_mlp_out,layer_8_mlp_out,36,16,0.0,0.0,NaN
layer_18_mlp_out,layer_9_mha_output_out,36,17,0.0,0.0,NaN
layer_18_mlp_out,layer_9_mlp_out,36,18,0.0,0.0,NaN
layer_18_mlp_out,layer_10_mha_output_out,36,19,0.0,0.0,NaN
layer_18_mlp_out,layer_10_mlp_out,36,20,0.0,0.0,NaN
layer_18_mlp_out,layer_11_mha_output_out,36,21,0.0,0.0,NaN
layer_18_mlp_out,layer_11_mlp_out,36,22,0.0,0.0,NaN
layer_18_mlp_out,layer_12_mha_output_out,36,23,0.0,0.0,NaN
layer_18_mlp_out,layer_12_mlp_out,36,24,0.0,0.0,NaN
layer_18_mlp_out,layer_13_mha_output_out,36,25,0.0,0.0,NaN
layer_18_mlp_out,layer_13_mlp_out,36,26,0.0,0.0,NaN
layer_18_mlp_out,layer_14_mha_output_out,36,27,0.0,0.0,NaN
layer_18_mlp_out,layer_14_mlp_out,36,28,0.0,0.0,NaN
layer_18_mlp_out,layer_15_mha_output_out,36,29,0.0,0.0,NaN
layer_18_mlp_out,layer_15_mlp_out,36,30,0.0,0.0,NaN
layer_18_mlp_out,layer_16_mha_output_out,36,31,0.0,0.0,NaN
layer_18_mlp_out,layer_16_mlp_out,36,32,0.0,0.0,NaN
layer_18_mlp_out,layer_17_mha_output_out,36,33,0.0,0.0,NaN
layer_18_mlp_out,layer_17_mlp_out,36,34,0.0,0.0,NaN
layer_18_mlp_out,layer_18_mha_output_out,36,35,0.0,0.0,NaN
layer_18_mlp_out,layer_18_mlp_out,36,36,1.0,Inf,NaN
layer_18_mlp_out,layer_19_mha_output_out,36,37,0.018224551922839116,0.2455098338824185,-0.17311392050434504
layer_18_mlp_out,layer_19_mlp_out,36,38,0.3526006533821343,0.8048124469557472,-0.2812758191830687
layer_18_mlp_out,layer_20_mha_output_out,36,39,-0.033054721457662195,0.29043858423425073,-0.3881858757359899
layer_18_mlp_out,layer_20_mlp_out,36,40,0.3066891423022058,0.7579359460059453,-0.31257410651265594
layer_18_mlp_out,layer_21_mha_output_out,36,41,0.02384815354147396,0.236983297524857,-0.13724557826446618
layer_18_mlp_out,layer_21_mlp_out,36,42,0.3475465150179855,0.785086436401331,-0.22809157679397032
layer_18_mlp_out,layer_22_mha_output_out,36,43,0.04843605258489858,0.18044413451369162,0.10709748693416081
layer_18_mlp_out,layer_22_mlp_out,36,44,0.3776887765249316,0.7993011305130201,-0.10174987439009857
layer_18_mlp_out,layer_23_mha_output_out,36,45,0.013285086909857746,0.1800512412339693,-0.10670950109560504
layer_18_mlp_out,layer_23_mlp_out,36,46,0.35333879908844923,0.7326571948065068,0.02894190911512181
layer_18_mlp_out,layer_24_mha_output_out,36,47,0.014615220993209443,0.1652700821457067,-0.07666317647614429
layer_18_mlp_out,layer_24_mlp_out,36,48,0.29891547934100704,0.6744632001876582,-0.0737637863698495
layer_18_mlp_out,layer_25_mha_output_out,36,49,0.008205031856410527,0.10792465579336387,-0.03153100128019124
layer_18_mlp_out,layer_25_mlp_out,36,50,0.29978224861643277,0.6432493261966615,0.03903007964022131
layer_18_mlp_out,layer_26_mha_output_out,36,51,0.034859674885691416,0.21618169542192392,-0.050945841135286135
layer_18_mlp_out,layer_26_mlp_out,36,52,0.3425401785474317,0.7450147535985022,-0.09539226330482292
layer_18_mlp_out,layer_27_mha_output_out,36,53,0.023248998079989258,0.17457665284373305,-0.03916545436987911
layer_18_mlp_out,layer_27_mlp_out,36,54,0.18625787067456856,0.5865923261724149,-0.25468311554168416
layer_18_mlp_out,layer_28_mha_output_out,36,55,0.019310365216705705,0.15383350579137167,-0.026353003000932476
layer_18_mlp_out,layer_28_mlp_out,36,56,-0.09401039073664563,0.5440390192584658,-0.6464408500806286
layer_19_mha_output_out,layer_1_mha_output_out,37,1,0.0,0.0,NaN
layer_19_mha_output_out,layer_1_mlp_out,37,2,0.0,0.0,NaN
layer_19_mha_output_out,layer_2_mha_output_out,37,3,0.0,0.0,NaN
layer_19_mha_output_out,layer_2_mlp_out,37,4,0.0,0.0,NaN
layer_19_mha_output_out,layer_3_mha_output_out,37,5,0.0,0.0,NaN
layer_19_mha_output_out,layer_3_mlp_out,37,6,0.0,0.0,NaN
layer_19_mha_output_out,layer_4_mha_output_out,37,7,0.0,0.0,NaN
layer_19_mha_output_out,layer_4_mlp_out,37,8,0.0,0.0,NaN
layer_19_mha_output_out,layer_5_mha_output_out,37,9,0.0,0.0,NaN
layer_19_mha_output_out,layer_5_mlp_out,37,10,0.0,0.0,NaN
layer_19_mha_output_out,layer_6_mha_output_out,37,11,0.0,0.0,NaN
layer_19_mha_output_out,layer_6_mlp_out,37,12,0.0,0.0,NaN
layer_19_mha_output_out,layer_7_mha_output_out,37,13,0.0,0.0,NaN
layer_19_mha_output_out,layer_7_mlp_out,37,14,0.0,0.0,NaN
layer_19_mha_output_out,layer_8_mha_output_out,37,15,0.0,0.0,NaN
layer_19_mha_output_out,layer_8_mlp_out,37,16,0.0,0.0,NaN
layer_19_mha_output_out,layer_9_mha_output_out,37,17,0.0,0.0,NaN
layer_19_mha_output_out,layer_9_mlp_out,37,18,0.0,0.0,NaN
layer_19_mha_output_out,layer_10_mha_output_out,37,19,0.0,0.0,NaN
layer_19_mha_output_out,layer_10_mlp_out,37,20,0.0,0.0,NaN
layer_19_mha_output_out,layer_11_mha_output_out,37,21,0.0,0.0,NaN
layer_19_mha_output_out,layer_11_mlp_out,37,22,0.0,0.0,NaN
layer_19_mha_output_out,layer_12_mha_output_out,37,23,0.0,0.0,NaN
layer_19_mha_output_out,layer_12_mlp_out,37,24,0.0,0.0,NaN
layer_19_mha_output_out,layer_13_mha_output_out,37,25,0.0,0.0,NaN
layer_19_mha_output_out,layer_13_mlp_out,37,26,0.0,0.0,NaN
layer_19_mha_output_out,layer_14_mha_output_out,37,27,0.0,0.0,NaN
layer_19_mha_output_out,layer_14_mlp_out,37,28,0.0,0.0,NaN
layer_19_mha_output_out,layer_15_mha_output_out,37,29,0.0,0.0,NaN
layer_19_mha_output_out,layer_15_mlp_out,37,30,0.0,0.0,NaN
layer_19_mha_output_out,layer_16_mha_output_out,37,31,0.0,0.0,NaN
layer_19_mha_output_out,layer_16_mlp_out,37,32,0.0,0.0,NaN
layer_19_mha_output_out,layer_17_mha_output_out,37,33,0.0,0.0,NaN
layer_19_mha_output_out,layer_17_mlp_out,37,34,0.0,0.0,NaN
layer_19_mha_output_out,layer_18_mha_output_out,37,35,0.0,0.0,NaN
layer_19_mha_output_out,layer_18_mlp_out,37,36,0.0,0.0,NaN
layer_19_mha_output_out,layer_19_mha_output_out,37,37,1.0,Inf,NaN
layer_19_mha_output_out,layer_19_mlp_out,37,38,0.3623453383798473,0.814570407005417,-0.2709121352117355
layer_19_mha_output_out,layer_20_mha_output_out,37,39,-0.03368533113785088,0.2936854028147714,-0.3918760353800008
layer_19_mha_output_out,layer_20_mlp_out,37,40,0.31152966516189085,0.7636805942538368,-0.3126209450306047
layer_19_mha_output_out,layer_21_mha_output_out,37,41,0.022402008686651098,0.23565281729526136,-0.14165690427957908
layer_19_mha_output_out,layer_21_mlp_out,37,42,0.3478086719973519,0.7848143079733787,-0.22562350268256692
layer_19_mha_output_out,layer_22_mha_output_out,37,43,0.047823575381855554,0.180414488244102,0.10315632166115139
layer_19_mha_output_out,layer_22_mlp_out,37,44,0.38090335978954526,0.8031143717094988,-0.09623519081266844
layer_19_mha_output_out,layer_23_mha_output_out,37,45,0.012442641004553057,0.18011218296191567,-0.11156470248189992
layer_19_mha_output_out,layer_23_mlp_out,37,46,0.35521580387844975,0.7351548991165339,0.031663392000672
layer_19_mha_output_out,layer_24_mha_output_out,37,47,0.014785430581120917,0.1642935187572164,-0.0740604002598844
layer_19_mha_output_out,layer_24_mlp_out,37,48,0.29919542942904187,0.674141046979263,-0.07127295744630262
layer_19_mha_output_out,layer_25_mha_output_out,37,49,0.008004577860385775,0.10760601104146429,-0.03288327187151936
layer_19_mha_output_out,layer_25_mlp_out,37,50,0.3001836211804304,0.6434590136484706,0.040568172516841895
layer_19_mha_output_out,layer_26_mha_output_out,37,51,0.03381738960355374,0.21406045794842496,-0.05238391305644625
layer_19_mha_output_out,layer_26_mlp_out,37,52,0.3426028473952092,0.7459648739020454,-0.09885951401543328
layer_19_mha_output_out,layer_27_mha_output_out,37,53,0.022516218040259828,0.17360879510797425,-0.04189109354791594
layer_19_mha_output_out,layer_27_mlp_out,37,54,0.18460394255681412,0.5836049001790005,-0.2529398964725789
layer_19_mha_output_out,layer_28_mha_output_out,37,55,0.019917986450401992,0.15372358644470785,-0.021966645928086767
layer_19_mha_output_out,layer_28_mlp_out,37,56,-0.09253541394899378,0.5440004881445651,-0.6450597649929356
layer_19_mlp_out,layer_1_mha_output_out,38,1,0.0,0.0,NaN
layer_19_mlp_out,layer_1_mlp_out,38,2,0.0,0.0,NaN
layer_19_mlp_out,layer_2_mha_output_out,38,3,0.0,0.0,NaN
layer_19_mlp_out,layer_2_mlp_out,38,4,0.0,0.0,NaN
layer_19_mlp_out,layer_3_mha_output_out,38,5,0.0,0.0,NaN
layer_19_mlp_out,layer_3_mlp_out,38,6,0.0,0.0,NaN
layer_19_mlp_out,layer_4_mha_output_out,38,7,0.0,0.0,NaN
layer_19_mlp_out,layer_4_mlp_out,38,8,0.0,0.0,NaN
layer_19_mlp_out,layer_5_mha_output_out,38,9,0.0,0.0,NaN
layer_19_mlp_out,layer_5_mlp_out,38,10,0.0,0.0,NaN
layer_19_mlp_out,layer_6_mha_output_out,38,11,0.0,0.0,NaN
layer_19_mlp_out,layer_6_mlp_out,38,12,0.0,0.0,NaN
layer_19_mlp_out,layer_7_mha_output_out,38,13,0.0,0.0,NaN
layer_19_mlp_out,layer_7_mlp_out,38,14,0.0,0.0,NaN
layer_19_mlp_out,layer_8_mha_output_out,38,15,0.0,0.0,NaN
layer_19_mlp_out,layer_8_mlp_out,38,16,0.0,0.0,NaN
layer_19_mlp_out,layer_9_mha_output_out,38,17,0.0,0.0,NaN
layer_19_mlp_out,layer_9_mlp_out,38,18,0.0,0.0,NaN
layer_19_mlp_out,layer_10_mha_output_out,38,19,0.0,0.0,NaN
layer_19_mlp_out,layer_10_mlp_out,38,20,0.0,0.0,NaN
layer_19_mlp_out,layer_11_mha_output_out,38,21,0.0,0.0,NaN
layer_19_mlp_out,layer_11_mlp_out,38,22,0.0,0.0,NaN
layer_19_mlp_out,layer_12_mha_output_out,38,23,0.0,0.0,NaN
layer_19_mlp_out,layer_12_mlp_out,38,24,0.0,0.0,NaN
layer_19_mlp_out,layer_13_mha_output_out,38,25,0.0,0.0,NaN
layer_19_mlp_out,layer_13_mlp_out,38,26,0.0,0.0,NaN
layer_19_mlp_out,layer_14_mha_output_out,38,27,0.0,0.0,NaN
layer_19_mlp_out,layer_14_mlp_out,38,28,0.0,0.0,NaN
layer_19_mlp_out,layer_15_mha_output_out,38,29,0.0,0.0,NaN
layer_19_mlp_out,layer_15_mlp_out,38,30,0.0,0.0,NaN
layer_19_mlp_out,layer_16_mha_output_out,38,31,0.0,0.0,NaN
layer_19_mlp_out,layer_16_mlp_out,38,32,0.0,0.0,NaN
layer_19_mlp_out,layer_17_mha_output_out,38,33,0.0,0.0,NaN
layer_19_mlp_out,layer_17_mlp_out,38,34,0.0,0.0,NaN
layer_19_mlp_out,layer_18_mha_output_out,38,35,0.0,0.0,NaN
layer_19_mlp_out,layer_18_mlp_out,38,36,0.0,0.0,NaN
layer_19_mlp_out,layer_19_mha_output_out,38,37,0.0,0.0,NaN
layer_19_mlp_out,layer_19_mlp_out,38,38,1.0,Inf,NaN
layer_19_mlp_out,layer_20_mha_output_out,38,39,0.006166838260117213,0.2757581685521061,-0.254837484070972
layer_19_mlp_out,layer_20_mlp_out,38,40,0.35166705999170433,0.8191848499886871,-0.34319923807383507
layer_19_mlp_out,layer_21_mha_output_out,38,41,0.026381406094041382,0.24129041659471517,-0.13258577254311446
layer_19_mlp_out,layer_21_mlp_out,38,42,0.3564912284448599,0.8056860704084857,-0.26478139786643545
layer_19_mlp_out,layer_22_mha_output_out,38,43,0.048348622159764765,0.1918516292932009,0.07686749240627196
layer_19_mlp_out,layer_22_mlp_out,38,44,0.39437434088817425,0.8275399613510337,-0.11653012401473467
layer_19_mlp_out,layer_23_mha_output_out,38,45,0.012716119649934132,0.18783822999464958,-0.12082532896848658
layer_19_mlp_out,layer_23_mlp_out,38,46,0.36938663261341376,0.7686875229102486,-0.016088079299329205
layer_19_mlp_out,layer_24_mha_output_out,38,47,0.014935876323353137,0.1659256025841467,-0.0756929375422607
layer_19_mlp_out,layer_24_mlp_out,38,48,0.3049541564032223,0.6852844178416702,-0.08023833165586017
layer_19_mlp_out,layer_25_mha_output_out,38,49,0.00820170419831634,0.11128682372498976,-0.037286925256130886
layer_19_mlp_out,layer_25_mlp_out,38,50,0.3128599896601535,0.6727132151902534,0.007544349935310754
layer_19_mlp_out,layer_26_mha_output_out,38,51,0.03822524420603235,0.22306268244856287,-0.04674419064148494
layer_19_mlp_out,layer_26_mlp_out,38,52,0.3657372525694397,0.7795108691111933,-0.09394477926079843
layer_19_mlp_out,layer_27_mha_output_out,38,53,0.022851777887647806,0.18013003882840128,-0.05150503944124571
layer_19_mlp_out,layer_27_mlp_out,38,54,0.1946331955449876,0.5964555704876681,-0.2522362940281424
layer_19_mlp_out,layer_28_mha_output_out,38,55,0.016851676899473866,0.15794854189033228,-0.050290885127471964
layer_19_mlp_out,layer_28_mlp_out,38,56,-0.10702664119893401,0.554646814265651,-0.6646927304390017
layer_20_mha_output_out,layer_1_mha_output_out,39,1,0.0,0.0,NaN
layer_20_mha_output_out,layer_1_mlp_out,39,2,0.0,0.0,NaN
layer_20_mha_output_out,layer_2_mha_output_out,39,3,0.0,0.0,NaN
layer_20_mha_output_out,layer_2_mlp_out,39,4,0.0,0.0,NaN
layer_20_mha_output_out,layer_3_mha_output_out,39,5,0.0,0.0,NaN
layer_20_mha_output_out,layer_3_mlp_out,39,6,0.0,0.0,NaN
layer_20_mha_output_out,layer_4_mha_output_out,39,7,0.0,0.0,NaN
layer_20_mha_output_out,layer_4_mlp_out,39,8,0.0,0.0,NaN
layer_20_mha_output_out,layer_5_mha_output_out,39,9,0.0,0.0,NaN
layer_20_mha_output_out,layer_5_mlp_out,39,10,0.0,0.0,NaN
layer_20_mha_output_out,layer_6_mha_output_out,39,11,0.0,0.0,NaN
layer_20_mha_output_out,layer_6_mlp_out,39,12,0.0,0.0,NaN
layer_20_mha_output_out,layer_7_mha_output_out,39,13,0.0,0.0,NaN
layer_20_mha_output_out,layer_7_mlp_out,39,14,0.0,0.0,NaN
layer_20_mha_output_out,layer_8_mha_output_out,39,15,0.0,0.0,NaN
layer_20_mha_output_out,layer_8_mlp_out,39,16,0.0,0.0,NaN
layer_20_mha_output_out,layer_9_mha_output_out,39,17,0.0,0.0,NaN
layer_20_mha_output_out,layer_9_mlp_out,39,18,0.0,0.0,NaN
layer_20_mha_output_out,layer_10_mha_output_out,39,19,0.0,0.0,NaN
layer_20_mha_output_out,layer_10_mlp_out,39,20,0.0,0.0,NaN
layer_20_mha_output_out,layer_11_mha_output_out,39,21,0.0,0.0,NaN
layer_20_mha_output_out,layer_11_mlp_out,39,22,0.0,0.0,NaN
layer_20_mha_output_out,layer_12_mha_output_out,39,23,0.0,0.0,NaN
layer_20_mha_output_out,layer_12_mlp_out,39,24,0.0,0.0,NaN
layer_20_mha_output_out,layer_13_mha_output_out,39,25,0.0,0.0,NaN
layer_20_mha_output_out,layer_13_mlp_out,39,26,0.0,0.0,NaN
layer_20_mha_output_out,layer_14_mha_output_out,39,27,0.0,0.0,NaN
layer_20_mha_output_out,layer_14_mlp_out,39,28,0.0,0.0,NaN
layer_20_mha_output_out,layer_15_mha_output_out,39,29,0.0,0.0,NaN
layer_20_mha_output_out,layer_15_mlp_out,39,30,0.0,0.0,NaN
layer_20_mha_output_out,layer_16_mha_output_out,39,31,0.0,0.0,NaN
layer_20_mha_output_out,layer_16_mlp_out,39,32,0.0,0.0,NaN
layer_20_mha_output_out,layer_17_mha_output_out,39,33,0.0,0.0,NaN
layer_20_mha_output_out,layer_17_mlp_out,39,34,0.0,0.0,NaN
layer_20_mha_output_out,layer_18_mha_output_out,39,35,0.0,0.0,NaN
layer_20_mha_output_out,layer_18_mlp_out,39,36,0.0,0.0,NaN
layer_20_mha_output_out,layer_19_mha_output_out,39,37,0.0,0.0,NaN
layer_20_mha_output_out,layer_19_mlp_out,39,38,0.0,0.0,NaN
layer_20_mha_output_out,layer_20_mha_output_out,39,39,1.0,Inf,NaN
layer_20_mha_output_out,layer_20_mlp_out,39,40,0.3687929735330131,0.8365880533919656,-0.3324152102073212
layer_20_mha_output_out,layer_21_mha_output_out,39,41,0.024876912670074636,0.23925015388209753,-0.13609071278657908
layer_20_mha_output_out,layer_21_mlp_out,39,42,0.36226606271816786,0.8095849367829168,-0.2498601397148888
layer_20_mha_output_out,layer_22_mha_output_out,39,43,0.04677347079155503,0.1886605474172942,0.07511445263437827
layer_20_mha_output_out,layer_22_mlp_out,39,44,0.39265628879926706,0.8237807361354866,-0.11023743925011184
layer_20_mha_output_out,layer_23_mha_output_out,39,45,0.012592868498491505,0.18716847942640222,-0.120567138227988
layer_20_mha_output_out,layer_23_mlp_out,39,46,0.36869393282928176,0.7660740453313115,-0.008948722965360048
layer_20_mha_output_out,layer_24_mha_output_out,39,47,0.015235285890838335,0.16486821879199184,-0.07214585936464811
layer_20_mha_output_out,layer_24_mlp_out,39,48,0.31251081027854133,0.6925988142936059,-0.066508991938857
layer_20_mha_output_out,layer_25_mha_output_out,39,49,0.008183559243180594,0.11069656346850988,-0.036459556725924706
layer_20_mha_output_out,layer_25_mlp_out,39,50,0.3089781682321948,0.666226174137728,0.008891272683319188
layer_20_mha_output_out,layer_26_mha_output_out,39,51,0.036027483081735645,0.22112463228522813,-0.05413000129296543
layer_20_mha_output_out,layer_26_mlp_out,39,52,0.3647149654213797,0.7759013199710035,-0.08450753809589875
layer_20_mha_output_out,layer_27_mha_output_out,39,53,0.021537357183019745,0.17850976956752462,-0.0564456618498829
layer_20_mha_output_out,layer_27_mlp_out,39,54,0.19705803442734782,0.597579399415373,-0.24767310813033427
layer_20_mha_output_out,layer_28_mha_output_out,39,55,0.019699752540950577,0.15920067344002806,-0.03364855523578325
layer_20_mha_output_out,layer_28_mlp_out,39,56,-0.08941677298557771,0.5612326529757624,-0.6538144276687787
layer_20_mlp_out,layer_1_mha_output_out,40,1,0.0,0.0,NaN
layer_20_mlp_out,layer_1_mlp_out,40,2,0.0,0.0,NaN
layer_20_mlp_out,layer_2_mha_output_out,40,3,0.0,0.0,NaN
layer_20_mlp_out,layer_2_mlp_out,40,4,0.0,0.0,NaN
layer_20_mlp_out,layer_3_mha_output_out,40,5,0.0,0.0,NaN
layer_20_mlp_out,layer_3_mlp_out,40,6,0.0,0.0,NaN
layer_20_mlp_out,layer_4_mha_output_out,40,7,0.0,0.0,NaN
layer_20_mlp_out,layer_4_mlp_out,40,8,0.0,0.0,NaN
layer_20_mlp_out,layer_5_mha_output_out,40,9,0.0,0.0,NaN
layer_20_mlp_out,layer_5_mlp_out,40,10,0.0,0.0,NaN
layer_20_mlp_out,layer_6_mha_output_out,40,11,0.0,0.0,NaN
layer_20_mlp_out,layer_6_mlp_out,40,12,0.0,0.0,NaN
layer_20_mlp_out,layer_7_mha_output_out,40,13,0.0,0.0,NaN
layer_20_mlp_out,layer_7_mlp_out,40,14,0.0,0.0,NaN
layer_20_mlp_out,layer_8_mha_output_out,40,15,0.0,0.0,NaN
layer_20_mlp_out,layer_8_mlp_out,40,16,0.0,0.0,NaN
layer_20_mlp_out,layer_9_mha_output_out,40,17,0.0,0.0,NaN
layer_20_mlp_out,layer_9_mlp_out,40,18,0.0,0.0,NaN
layer_20_mlp_out,layer_10_mha_output_out,40,19,0.0,0.0,NaN
layer_20_mlp_out,layer_10_mlp_out,40,20,0.0,0.0,NaN
layer_20_mlp_out,layer_11_mha_output_out,40,21,0.0,0.0,NaN
layer_20_mlp_out,layer_11_mlp_out,40,22,0.0,0.0,NaN
layer_20_mlp_out,layer_12_mha_output_out,40,23,0.0,0.0,NaN
layer_20_mlp_out,layer_12_mlp_out,40,24,0.0,0.0,NaN
layer_20_mlp_out,layer_13_mha_output_out,40,25,0.0,0.0,NaN
layer_20_mlp_out,layer_13_mlp_out,40,26,0.0,0.0,NaN
layer_20_mlp_out,layer_14_mha_output_out,40,27,0.0,0.0,NaN
layer_20_mlp_out,layer_14_mlp_out,40,28,0.0,0.0,NaN
layer_20_mlp_out,layer_15_mha_output_out,40,29,0.0,0.0,NaN
layer_20_mlp_out,layer_15_mlp_out,40,30,0.0,0.0,NaN
layer_20_mlp_out,layer_16_mha_output_out,40,31,0.0,0.0,NaN
layer_20_mlp_out,layer_16_mlp_out,40,32,0.0,0.0,NaN
layer_20_mlp_out,layer_17_mha_output_out,40,33,0.0,0.0,NaN
layer_20_mlp_out,layer_17_mlp_out,40,34,0.0,0.0,NaN
layer_20_mlp_out,layer_18_mha_output_out,40,35,0.0,0.0,NaN
layer_20_mlp_out,layer_18_mlp_out,40,36,0.0,0.0,NaN
layer_20_mlp_out,layer_19_mha_output_out,40,37,0.0,0.0,NaN
layer_20_mlp_out,layer_19_mlp_out,40,38,0.0,0.0,NaN
layer_20_mlp_out,layer_20_mha_output_out,40,39,0.0,0.0,NaN
layer_20_mlp_out,layer_20_mlp_out,40,40,1.0,Inf,NaN
layer_20_mlp_out,layer_21_mha_output_out,40,41,0.037107564481947075,0.2582281072295521,-0.11335805554829552
layer_20_mlp_out,layer_21_mlp_out,40,42,0.4070791755078731,0.8705830690692802,-0.26147589489725725
layer_20_mlp_out,layer_22_mha_output_out,40,43,0.04675052867700946,0.20139214441927647,0.044302145894728556
layer_20_mlp_out,layer_22_mlp_out,40,44,0.4124613861559051,0.8628771577495074,-0.16545026834834542
layer_20_mlp_out,layer_23_mha_output_out,40,45,0.01605922977882357,0.19195169170067922,-0.10869741715175434
layer_20_mlp_out,layer_23_mlp_out,40,46,0.3975527067291751,0.8182749230054321,-0.03477420417006385
layer_20_mlp_out,layer_24_mha_output_out,40,47,0.010796901279050308,0.16058546791261083,-0.09363905592674568
layer_20_mlp_out,layer_24_mlp_out,40,48,0.319015414200167,0.7043171543866009,-0.0737252917127471
layer_20_mlp_out,layer_25_mha_output_out,40,49,0.011174338267271211,0.11130473450758913,-0.009887861786409862
layer_20_mlp_out,layer_25_mlp_out,40,50,0.3390144332720376,0.7184414636098205,-0.00933196152461018
layer_20_mlp_out,layer_26_mha_output_out,40,51,0.03726767937295028,0.21770451614494532,-0.04149968102827341
layer_20_mlp_out,layer_26_mlp_out,40,52,0.3827730903504174,0.8083413026504792,-0.10834096339594082
layer_20_mlp_out,layer_27_mha_output_out,40,53,0.020135549251609763,0.17575057355840518,-0.060061589010880836
layer_20_mlp_out,layer_27_mlp_out,40,54,0.20642653186984083,0.6106332088198808,-0.24956117260103233
layer_20_mlp_out,layer_28_mha_output_out,40,55,0.01285081135895183,0.1538678171270443,-0.0701756042590211
layer_20_mlp_out,layer_28_mlp_out,40,56,-0.11490316272610213,0.5541947579470573,-0.6710056814728333
layer_21_mha_output_out,layer_1_mha_output_out,41,1,0.0,0.0,NaN
layer_21_mha_output_out,layer_1_mlp_out,41,2,0.0,0.0,NaN
layer_21_mha_output_out,layer_2_mha_output_out,41,3,0.0,0.0,NaN
layer_21_mha_output_out,layer_2_mlp_out,41,4,0.0,0.0,NaN
layer_21_mha_output_out,layer_3_mha_output_out,41,5,0.0,0.0,NaN
layer_21_mha_output_out,layer_3_mlp_out,41,6,0.0,0.0,NaN
layer_21_mha_output_out,layer_4_mha_output_out,41,7,0.0,0.0,NaN
layer_21_mha_output_out,layer_4_mlp_out,41,8,0.0,0.0,NaN
layer_21_mha_output_out,layer_5_mha_output_out,41,9,0.0,0.0,NaN
layer_21_mha_output_out,layer_5_mlp_out,41,10,0.0,0.0,NaN
layer_21_mha_output_out,layer_6_mha_output_out,41,11,0.0,0.0,NaN
layer_21_mha_output_out,layer_6_mlp_out,41,12,0.0,0.0,NaN
layer_21_mha_output_out,layer_7_mha_output_out,41,13,0.0,0.0,NaN
layer_21_mha_output_out,layer_7_mlp_out,41,14,0.0,0.0,NaN
layer_21_mha_output_out,layer_8_mha_output_out,41,15,0.0,0.0,NaN
layer_21_mha_output_out,layer_8_mlp_out,41,16,0.0,0.0,NaN
layer_21_mha_output_out,layer_9_mha_output_out,41,17,0.0,0.0,NaN
layer_21_mha_output_out,layer_9_mlp_out,41,18,0.0,0.0,NaN
layer_21_mha_output_out,layer_10_mha_output_out,41,19,0.0,0.0,NaN
layer_21_mha_output_out,layer_10_mlp_out,41,20,0.0,0.0,NaN
layer_21_mha_output_out,layer_11_mha_output_out,41,21,0.0,0.0,NaN
layer_21_mha_output_out,layer_11_mlp_out,41,22,0.0,0.0,NaN
layer_21_mha_output_out,layer_12_mha_output_out,41,23,0.0,0.0,NaN
layer_21_mha_output_out,layer_12_mlp_out,41,24,0.0,0.0,NaN
layer_21_mha_output_out,layer_13_mha_output_out,41,25,0.0,0.0,NaN
layer_21_mha_output_out,layer_13_mlp_out,41,26,0.0,0.0,NaN
layer_21_mha_output_out,layer_14_mha_output_out,41,27,0.0,0.0,NaN
layer_21_mha_output_out,layer_14_mlp_out,41,28,0.0,0.0,NaN
layer_21_mha_output_out,layer_15_mha_output_out,41,29,0.0,0.0,NaN
layer_21_mha_output_out,layer_15_mlp_out,41,30,0.0,0.0,NaN
layer_21_mha_output_out,layer_16_mha_output_out,41,31,0.0,0.0,NaN
layer_21_mha_output_out,layer_16_mlp_out,41,32,0.0,0.0,NaN
layer_21_mha_output_out,layer_17_mha_output_out,41,33,0.0,0.0,NaN
layer_21_mha_output_out,layer_17_mlp_out,41,34,0.0,0.0,NaN
layer_21_mha_output_out,layer_18_mha_output_out,41,35,0.0,0.0,NaN
layer_21_mha_output_out,layer_18_mlp_out,41,36,0.0,0.0,NaN
layer_21_mha_output_out,layer_19_mha_output_out,41,37,0.0,0.0,NaN
layer_21_mha_output_out,layer_19_mlp_out,41,38,0.0,0.0,NaN
layer_21_mha_output_out,layer_20_mha_output_out,41,39,0.0,0.0,NaN
layer_21_mha_output_out,layer_20_mlp_out,41,40,0.0,0.0,NaN
layer_21_mha_output_out,layer_21_mha_output_out,41,41,1.0,Inf,NaN
layer_21_mha_output_out,layer_21_mlp_out,41,42,0.4053632254071933,0.8657014619891982,-0.24583276284538177
layer_21_mha_output_out,layer_22_mha_output_out,41,43,0.04612451679559526,0.20417092710659906,0.03432400056781787
layer_21_mha_output_out,layer_22_mlp_out,41,44,0.41368566180553945,0.8641373673049892,-0.16178883269084604
layer_21_mha_output_out,layer_23_mha_output_out,41,45,0.01259494813322215,0.18949809146329152,-0.12376420466753549
layer_21_mha_output_out,layer_23_mlp_out,41,46,0.39561456162893427,0.815730322912294,-0.038479897906806976
layer_21_mha_output_out,layer_24_mha_output_out,41,47,0.012557678887852863,0.15710165568926235,-0.07713257593222321
layer_21_mha_output_out,layer_24_mlp_out,41,48,0.3229757740032452,0.709290292633062,-0.07020534040478922
layer_21_mha_output_out,layer_25_mha_output_out,41,49,0.010343079446677561,0.11023499033276782,-0.01558975987741901
layer_21_mha_output_out,layer_25_mlp_out,41,50,0.3462745234514053,0.7290469419169199,-0.005294494949070745
layer_21_mha_output_out,layer_26_mha_output_out,41,51,0.03805255769863314,0.2212877987756317,-0.044277384021449956
layer_21_mha_output_out,layer_26_mlp_out,41,52,0.38442502604322215,0.8094785049850429,-0.1011904122226109
layer_21_mha_output_out,layer_27_mha_output_out,41,53,0.019982732739032838,0.17752736799309177,-0.063975266745962
layer_21_mha_output_out,layer_27_mlp_out,41,54,0.2145193081840795,0.6212710554608777,-0.24993881516838282
layer_21_mha_output_out,layer_28_mha_output_out,41,55,0.01310692719267803,0.153446052232569,-0.06779484231678078
layer_21_mha_output_out,layer_28_mlp_out,41,56,-0.11408815320111554,0.5545376340158177,-0.6705384568609571
layer_21_mlp_out,layer_1_mha_output_out,42,1,0.0,0.0,NaN
layer_21_mlp_out,layer_1_mlp_out,42,2,0.0,0.0,NaN
layer_21_mlp_out,layer_2_mha_output_out,42,3,0.0,0.0,NaN
layer_21_mlp_out,layer_2_mlp_out,42,4,0.0,0.0,NaN
layer_21_mlp_out,layer_3_mha_output_out,42,5,0.0,0.0,NaN
layer_21_mlp_out,layer_3_mlp_out,42,6,0.0,0.0,NaN
layer_21_mlp_out,layer_4_mha_output_out,42,7,0.0,0.0,NaN
layer_21_mlp_out,layer_4_mlp_out,42,8,0.0,0.0,NaN
layer_21_mlp_out,layer_5_mha_output_out,42,9,0.0,0.0,NaN
layer_21_mlp_out,layer_5_mlp_out,42,10,0.0,0.0,NaN
layer_21_mlp_out,layer_6_mha_output_out,42,11,0.0,0.0,NaN
layer_21_mlp_out,layer_6_mlp_out,42,12,0.0,0.0,NaN
layer_21_mlp_out,layer_7_mha_output_out,42,13,0.0,0.0,NaN
layer_21_mlp_out,layer_7_mlp_out,42,14,0.0,0.0,NaN
layer_21_mlp_out,layer_8_mha_output_out,42,15,0.0,0.0,NaN
layer_21_mlp_out,layer_8_mlp_out,42,16,0.0,0.0,NaN
layer_21_mlp_out,layer_9_mha_output_out,42,17,0.0,0.0,NaN
layer_21_mlp_out,layer_9_mlp_out,42,18,0.0,0.0,NaN
layer_21_mlp_out,layer_10_mha_output_out,42,19,0.0,0.0,NaN
layer_21_mlp_out,layer_10_mlp_out,42,20,0.0,0.0,NaN
layer_21_mlp_out,layer_11_mha_output_out,42,21,0.0,0.0,NaN
layer_21_mlp_out,layer_11_mlp_out,42,22,0.0,0.0,NaN
layer_21_mlp_out,layer_12_mha_output_out,42,23,0.0,0.0,NaN
layer_21_mlp_out,layer_12_mlp_out,42,24,0.0,0.0,NaN
layer_21_mlp_out,layer_13_mha_output_out,42,25,0.0,0.0,NaN
layer_21_mlp_out,layer_13_mlp_out,42,26,0.0,0.0,NaN
layer_21_mlp_out,layer_14_mha_output_out,42,27,0.0,0.0,NaN
layer_21_mlp_out,layer_14_mlp_out,42,28,0.0,0.0,NaN
layer_21_mlp_out,layer_15_mha_output_out,42,29,0.0,0.0,NaN
layer_21_mlp_out,layer_15_mlp_out,42,30,0.0,0.0,NaN
layer_21_mlp_out,layer_16_mha_output_out,42,31,0.0,0.0,NaN
layer_21_mlp_out,layer_16_mlp_out,42,32,0.0,0.0,NaN
layer_21_mlp_out,layer_17_mha_output_out,42,33,0.0,0.0,NaN
layer_21_mlp_out,layer_17_mlp_out,42,34,0.0,0.0,NaN
layer_21_mlp_out,layer_18_mha_output_out,42,35,0.0,0.0,NaN
layer_21_mlp_out,layer_18_mlp_out,42,36,0.0,0.0,NaN
layer_21_mlp_out,layer_19_mha_output_out,42,37,0.0,0.0,NaN
layer_21_mlp_out,layer_19_mlp_out,42,38,0.0,0.0,NaN
layer_21_mlp_out,layer_20_mha_output_out,42,39,0.0,0.0,NaN
layer_21_mlp_out,layer_20_mlp_out,42,40,0.0,0.0,NaN
layer_21_mlp_out,layer_21_mha_output_out,42,41,0.0,0.0,NaN
layer_21_mlp_out,layer_21_mlp_out,42,42,1.0,Inf,NaN
layer_21_mlp_out,layer_22_mha_output_out,42,43,0.053641904388077144,0.22726481539311194,0.023477448319072308
layer_21_mlp_out,layer_22_mlp_out,42,44,0.4172092573930313,0.8744902306501994,-0.1966178906255468
layer_21_mlp_out,layer_23_mha_output_out,42,45,0.012128336289024655,0.18906187162944732,-0.1256670387820538
layer_21_mlp_out,layer_23_mlp_out,42,46,0.39015920871479326,0.8150135431111203,-0.0833638546486049
layer_21_mlp_out,layer_24_mha_output_out,42,47,0.01655092765288768,0.16278278094669307,-0.060413443232300884
layer_21_mlp_out,layer_24_mlp_out,42,48,0.32173576173791385,0.7122416907403704,-0.08797428200849089
layer_21_mlp_out,layer_25_mha_output_out,42,49,0.01381255213483401,0.11210357167544818,0.013016875310755733
layer_21_mlp_out,layer_25_mlp_out,42,50,0.35520846255293537,0.7467547108253235,-0.020137875060128686
layer_21_mlp_out,layer_26_mha_output_out,42,51,0.03628110677725882,0.22614921429849624,-0.06201421050805002
layer_21_mlp_out,layer_26_mlp_out,42,52,0.38855428083689325,0.8192149954956496,-0.11936196167136086
layer_21_mlp_out,layer_27_mha_output_out,42,53,0.026263594809731172,0.1817609975286548,-0.03429342015729571
layer_21_mlp_out,layer_27_mlp_out,42,54,0.2037744884646353,0.6149339287033662,-0.26711043341371343
layer_21_mlp_out,layer_28_mha_output_out,42,55,0.011616885331192317,0.15611908904543062,-0.08179547950085433
layer_21_mlp_out,layer_28_mlp_out,42,56,-0.11072096396743047,0.5671463923903521,-0.6755671579020167
layer_22_mha_output_out,layer_1_mha_output_out,43,1,0.0,0.0,NaN
layer_22_mha_output_out,layer_1_mlp_out,43,2,0.0,0.0,NaN
layer_22_mha_output_out,layer_2_mha_output_out,43,3,0.0,0.0,NaN
layer_22_mha_output_out,layer_2_mlp_out,43,4,0.0,0.0,NaN
layer_22_mha_output_out,layer_3_mha_output_out,43,5,0.0,0.0,NaN
layer_22_mha_output_out,layer_3_mlp_out,43,6,0.0,0.0,NaN
layer_22_mha_output_out,layer_4_mha_output_out,43,7,0.0,0.0,NaN
layer_22_mha_output_out,layer_4_mlp_out,43,8,0.0,0.0,NaN
layer_22_mha_output_out,layer_5_mha_output_out,43,9,0.0,0.0,NaN
layer_22_mha_output_out,layer_5_mlp_out,43,10,0.0,0.0,NaN
layer_22_mha_output_out,layer_6_mha_output_out,43,11,0.0,0.0,NaN
layer_22_mha_output_out,layer_6_mlp_out,43,12,0.0,0.0,NaN
layer_22_mha_output_out,layer_7_mha_output_out,43,13,0.0,0.0,NaN
layer_22_mha_output_out,layer_7_mlp_out,43,14,0.0,0.0,NaN
layer_22_mha_output_out,layer_8_mha_output_out,43,15,0.0,0.0,NaN
layer_22_mha_output_out,layer_8_mlp_out,43,16,0.0,0.0,NaN
layer_22_mha_output_out,layer_9_mha_output_out,43,17,0.0,0.0,NaN
layer_22_mha_output_out,layer_9_mlp_out,43,18,0.0,0.0,NaN
layer_22_mha_output_out,layer_10_mha_output_out,43,19,0.0,0.0,NaN
layer_22_mha_output_out,layer_10_mlp_out,43,20,0.0,0.0,NaN
layer_22_mha_output_out,layer_11_mha_output_out,43,21,0.0,0.0,NaN
layer_22_mha_output_out,layer_11_mlp_out,43,22,0.0,0.0,NaN
layer_22_mha_output_out,layer_12_mha_output_out,43,23,0.0,0.0,NaN
layer_22_mha_output_out,layer_12_mlp_out,43,24,0.0,0.0,NaN
layer_22_mha_output_out,layer_13_mha_output_out,43,25,0.0,0.0,NaN
layer_22_mha_output_out,layer_13_mlp_out,43,26,0.0,0.0,NaN
layer_22_mha_output_out,layer_14_mha_output_out,43,27,0.0,0.0,NaN
layer_22_mha_output_out,layer_14_mlp_out,43,28,0.0,0.0,NaN
layer_22_mha_output_out,layer_15_mha_output_out,43,29,0.0,0.0,NaN
layer_22_mha_output_out,layer_15_mlp_out,43,30,0.0,0.0,NaN
layer_22_mha_output_out,layer_16_mha_output_out,43,31,0.0,0.0,NaN
layer_22_mha_output_out,layer_16_mlp_out,43,32,0.0,0.0,NaN
layer_22_mha_output_out,layer_17_mha_output_out,43,33,0.0,0.0,NaN
layer_22_mha_output_out,layer_17_mlp_out,43,34,0.0,0.0,NaN
layer_22_mha_output_out,layer_18_mha_output_out,43,35,0.0,0.0,NaN
layer_22_mha_output_out,layer_18_mlp_out,43,36,0.0,0.0,NaN
layer_22_mha_output_out,layer_19_mha_output_out,43,37,0.0,0.0,NaN
layer_22_mha_output_out,layer_19_mlp_out,43,38,0.0,0.0,NaN
layer_22_mha_output_out,layer_20_mha_output_out,43,39,0.0,0.0,NaN
layer_22_mha_output_out,layer_20_mlp_out,43,40,0.0,0.0,NaN
layer_22_mha_output_out,layer_21_mha_output_out,43,41,0.0,0.0,NaN
layer_22_mha_output_out,layer_21_mlp_out,43,42,0.0,0.0,NaN
layer_22_mha_output_out,layer_22_mha_output_out,43,43,1.0,Inf,NaN
layer_22_mha_output_out,layer_22_mlp_out,43,44,0.42408533763426925,0.8834086639458798,-0.18910927091094948
layer_22_mha_output_out,layer_23_mha_output_out,43,45,0.012422654886915296,0.19216717215083462,-0.12832313179587507
layer_22_mha_output_out,layer_23_mlp_out,43,46,0.39137367697626313,0.8169285334120219,-0.08342708033772987
layer_22_mha_output_out,layer_24_mha_output_out,43,47,0.016759881893954498,0.1651207200589121,-0.06296304252151377
layer_22_mha_output_out,layer_24_mlp_out,43,48,0.3198056711264966,0.7103724464217898,-0.09155933620618625
layer_22_mha_output_out,layer_25_mha_output_out,43,49,0.013806999356710814,0.11264023592492378,0.011817400404293464
layer_22_mha_output_out,layer_25_mlp_out,43,50,0.3524440361537785,0.7401187302964403,-0.010399368438785254
layer_22_mha_output_out,layer_26_mha_output_out,43,51,0.03435384145466658,0.22212898134262016,-0.06425567807219625
layer_22_mha_output_out,layer_26_mlp_out,43,52,0.3852146457050033,0.8149181365339334,-0.12325721910923153
layer_22_mha_output_out,layer_27_mha_output_out,43,53,0.025978239238789835,0.1825019395693516,-0.03735678389412499
layer_22_mha_output_out,layer_27_mlp_out,43,54,0.2015066388370812,0.6110218456612655,-0.2648477310556465
layer_22_mha_output_out,layer_28_mha_output_out,43,55,0.009699782947745428,0.15565391473437565,-0.09364442235323922
layer_22_mha_output_out,layer_28_mlp_out,43,56,-0.10839295714027863,0.5687814878130856,-0.6747315682756564
layer_22_mlp_out,layer_1_mha_output_out,44,1,0.0,0.0,NaN
layer_22_mlp_out,layer_1_mlp_out,44,2,0.0,0.0,NaN
layer_22_mlp_out,layer_2_mha_output_out,44,3,0.0,0.0,NaN
layer_22_mlp_out,layer_2_mlp_out,44,4,0.0,0.0,NaN
layer_22_mlp_out,layer_3_mha_output_out,44,5,0.0,0.0,NaN
layer_22_mlp_out,layer_3_mlp_out,44,6,0.0,0.0,NaN
layer_22_mlp_out,layer_4_mha_output_out,44,7,0.0,0.0,NaN
layer_22_mlp_out,layer_4_mlp_out,44,8,0.0,0.0,NaN
layer_22_mlp_out,layer_5_mha_output_out,44,9,0.0,0.0,NaN
layer_22_mlp_out,layer_5_mlp_out,44,10,0.0,0.0,NaN
layer_22_mlp_out,layer_6_mha_output_out,44,11,0.0,0.0,NaN
layer_22_mlp_out,layer_6_mlp_out,44,12,0.0,0.0,NaN
layer_22_mlp_out,layer_7_mha_output_out,44,13,0.0,0.0,NaN
layer_22_mlp_out,layer_7_mlp_out,44,14,0.0,0.0,NaN
layer_22_mlp_out,layer_8_mha_output_out,44,15,0.0,0.0,NaN
layer_22_mlp_out,layer_8_mlp_out,44,16,0.0,0.0,NaN
layer_22_mlp_out,layer_9_mha_output_out,44,17,0.0,0.0,NaN
layer_22_mlp_out,layer_9_mlp_out,44,18,0.0,0.0,NaN
layer_22_mlp_out,layer_10_mha_output_out,44,19,0.0,0.0,NaN
layer_22_mlp_out,layer_10_mlp_out,44,20,0.0,0.0,NaN
layer_22_mlp_out,layer_11_mha_output_out,44,21,0.0,0.0,NaN
layer_22_mlp_out,layer_11_mlp_out,44,22,0.0,0.0,NaN
layer_22_mlp_out,layer_12_mha_output_out,44,23,0.0,0.0,NaN
layer_22_mlp_out,layer_12_mlp_out,44,24,0.0,0.0,NaN
layer_22_mlp_out,layer_13_mha_output_out,44,25,0.0,0.0,NaN
layer_22_mlp_out,layer_13_mlp_out,44,26,0.0,0.0,NaN
layer_22_mlp_out,layer_14_mha_output_out,44,27,0.0,0.0,NaN
layer_22_mlp_out,layer_14_mlp_out,44,28,0.0,0.0,NaN
layer_22_mlp_out,layer_15_mha_output_out,44,29,0.0,0.0,NaN
layer_22_mlp_out,layer_15_mlp_out,44,30,0.0,0.0,NaN
layer_22_mlp_out,layer_16_mha_output_out,44,31,0.0,0.0,NaN
layer_22_mlp_out,layer_16_mlp_out,44,32,0.0,0.0,NaN
layer_22_mlp_out,layer_17_mha_output_out,44,33,0.0,0.0,NaN
layer_22_mlp_out,layer_17_mlp_out,44,34,0.0,0.0,NaN
layer_22_mlp_out,layer_18_mha_output_out,44,35,0.0,0.0,NaN
layer_22_mlp_out,layer_18_mlp_out,44,36,0.0,0.0,NaN
layer_22_mlp_out,layer_19_mha_output_out,44,37,0.0,0.0,NaN
layer_22_mlp_out,layer_19_mlp_out,44,38,0.0,0.0,NaN
layer_22_mlp_out,layer_20_mha_output_out,44,39,0.0,0.0,NaN
layer_22_mlp_out,layer_20_mlp_out,44,40,0.0,0.0,NaN
layer_22_mlp_out,layer_21_mha_output_out,44,41,0.0,0.0,NaN
layer_22_mlp_out,layer_21_mlp_out,44,42,0.0,0.0,NaN
layer_22_mlp_out,layer_22_mha_output_out,44,43,0.0,0.0,NaN
layer_22_mlp_out,layer_22_mlp_out,44,44,1.0,Inf,NaN
layer_22_mlp_out,layer_23_mha_output_out,44,45,0.02098572666371934,0.19190401296513482,-0.08196148025927152
layer_22_mlp_out,layer_23_mlp_out,44,46,0.40047055423677025,0.838210298216036,-0.12440119114784226
layer_22_mlp_out,layer_24_mha_output_out,44,47,0.018245365909654532,0.1720842204349349,-0.06530159084865761
layer_22_mlp_out,layer_24_mlp_out,44,48,0.3543310802240548,0.7648825037896514,-0.10507329581436002
layer_22_mlp_out,layer_25_mha_output_out,44,49,0.013331073195987031,0.11703003292375816,-0.0016010274152027033
layer_22_mlp_out,layer_25_mlp_out,44,50,0.38891394264895907,0.8048994103912024,-0.039066651009629125
layer_22_mlp_out,layer_26_mha_output_out,44,51,0.03470635561554325,0.21841052728520557,-0.055799245566402554
layer_22_mlp_out,layer_26_mlp_out,44,52,0.40543705545379727,0.8515029881564063,-0.15930806141934878
layer_22_mlp_out,layer_27_mha_output_out,44,53,0.02549607281613675,0.18010396476232476,-0.03577308250810926
layer_22_mlp_out,layer_27_mlp_out,44,54,0.21168063188353214,0.6235085114935492,-0.26363933016715074
layer_22_mlp_out,layer_28_mha_output_out,44,55,0.011807655841545861,0.15892988761557372,-0.08476018916802042
layer_22_mlp_out,layer_28_mlp_out,44,56,-0.10321487246232364,0.5812741800939621,-0.6787273865161022
layer_23_mha_output_out,layer_1_mha_output_out,45,1,8.411674057295926e-8,0.0004101627495939697,-0.00020508137479698484
layer_23_mha_output_out,layer_1_mlp_out,45,2,8.411674057295926e-8,0.0004101627495939697,-0.00020508137479698484
layer_23_mha_output_out,layer_2_mha_output_out,45,3,8.411674057295926e-8,0.0004101627495939697,-0.00020508137479698484
layer_23_mha_output_out,layer_2_mlp_out,45,4,8.411674057295926e-8,0.0004101627495939697,-0.00020508137479698484
layer_23_mha_output_out,layer_3_mha_output_out,45,5,8.411674057295926e-8,0.0004101627495939697,-0.00020508137479698484
layer_23_mha_output_out,layer_3_mlp_out,45,6,8.411674057295926e-8,0.0004101627495939697,-0.00020508137479698484
layer_23_mha_output_out,layer_4_mha_output_out,45,7,8.411674057295926e-8,0.0004101627495939697,-0.00020508137479698484
layer_23_mha_output_out,layer_4_mlp_out,45,8,8.411674057295926e-8,0.0004101627495939697,-0.00020508137479698484
layer_23_mha_output_out,layer_5_mha_output_out,45,9,8.411674057295926e-8,0.0004101627495939697,-0.00020508137479698484
layer_23_mha_output_out,layer_5_mlp_out,45,10,8.411674057295926e-8,0.0004101627495939697,-0.00020508137479698484
layer_23_mha_output_out,layer_6_mha_output_out,45,11,8.411674057295926e-8,0.0004101627495939697,-0.00020508137479698484
layer_23_mha_output_out,layer_6_mlp_out,45,12,8.411674057295926e-8,0.0004101627495939697,-0.00020508137479698484
layer_23_mha_output_out,layer_7_mha_output_out,45,13,8.411674057295926e-8,0.0004101627495939697,-0.00020508137479698484
layer_23_mha_output_out,layer_7_mlp_out,45,14,8.411674057295926e-8,0.0004101627495939697,-0.00020508137479698484
layer_23_mha_output_out,layer_8_mha_output_out,45,15,8.411674057295926e-8,0.0004101627495939697,-0.00020508137479698484
layer_23_mha_output_out,layer_8_mlp_out,45,16,8.411674057295926e-8,0.0004101627495939697,-0.00020508137479698484
layer_23_mha_output_out,layer_9_mha_output_out,45,17,8.411674057295926e-8,0.0004101627495939697,-0.00020508137479698484
layer_23_mha_output_out,layer_9_mlp_out,45,18,8.411674057295926e-8,0.0004101627495939697,-0.00020508137479698484
layer_23_mha_output_out,layer_10_mha_output_out,45,19,8.411674057295926e-8,0.0004101627495939697,-0.00020508137479698484
layer_23_mha_output_out,layer_10_mlp_out,45,20,8.411674057295926e-8,0.0004101627495939697,-0.00020508137479698484
layer_23_mha_output_out,layer_11_mha_output_out,45,21,8.411674057295926e-8,0.0004101627495939697,-0.00020508137479698484
layer_23_mha_output_out,layer_11_mlp_out,45,22,8.411674057295926e-8,0.0004101627495939697,-0.00020508137479698484
layer_23_mha_output_out,layer_12_mha_output_out,45,23,8.411674057295926e-8,0.0004101627495939697,-0.00020508137479698484
layer_23_mha_output_out,layer_12_mlp_out,45,24,8.411674057295926e-8,0.0004101627495939697,-0.00020508137479698484
layer_23_mha_output_out,layer_13_mha_output_out,45,25,8.411674057295926e-8,0.0004101627495939697,-0.00020508137479698484
layer_23_mha_output_out,layer_13_mlp_out,45,26,8.411674057295926e-8,0.0004101627495939697,-0.00020508137479698484
layer_23_mha_output_out,layer_14_mha_output_out,45,27,8.411674057295926e-8,0.0004101627495939697,-0.00020508137479698484
layer_23_mha_output_out,layer_14_mlp_out,45,28,8.411674057295926e-8,0.0004101627495939697,-0.00020508137479698484
layer_23_mha_output_out,layer_15_mha_output_out,45,29,8.411674057295926e-8,0.0004101627495939697,-0.00020508137479698484
layer_23_mha_output_out,layer_15_mlp_out,45,30,8.411674057295926e-8,0.0004101627495939697,-0.00020508137479698484
layer_23_mha_output_out,layer_16_mha_output_out,45,31,8.411674057295926e-8,0.0004101627495939697,-0.00020508137479698484
layer_23_mha_output_out,layer_16_mlp_out,45,32,8.411674057295926e-8,0.0004101627495939697,-0.00020508137479698484
layer_23_mha_output_out,layer_17_mha_output_out,45,33,8.411674057295926e-8,0.0004101627495939697,-0.00020508137479698484
layer_23_mha_output_out,layer_17_mlp_out,45,34,8.411674057295926e-8,0.0004101627495939697,-0.00020508137479698484
layer_23_mha_output_out,layer_18_mha_output_out,45,35,8.411674057295926e-8,0.0004101627495939697,-0.00020508137479698484
layer_23_mha_output_out,layer_18_mlp_out,45,36,8.411674057295926e-8,0.0004101627495939697,-0.00020508137479698484
layer_23_mha_output_out,layer_19_mha_output_out,45,37,8.411674057295926e-8,0.0004101627495939697,-0.00020508137479698484
layer_23_mha_output_out,layer_19_mlp_out,45,38,8.411674057295926e-8,0.0004101627495939697,-0.00020508137479698484
layer_23_mha_output_out,layer_20_mha_output_out,45,39,8.411674057295926e-8,0.0004101627495939697,-0.00020508137479698484
layer_23_mha_output_out,layer_20_mlp_out,45,40,8.411674057295926e-8,0.0004101627495939697,-0.00020508137479698484
layer_23_mha_output_out,layer_21_mha_output_out,45,41,8.411674057295926e-8,0.0004101627495939697,-0.00020508137479698484
layer_23_mha_output_out,layer_21_mlp_out,45,42,8.411674057295926e-8,0.0004101627495939697,-0.00020508137479698484
layer_23_mha_output_out,layer_22_mha_output_out,45,43,8.411674057295926e-8,0.0004101627495939697,-0.00020508137479698484
layer_23_mha_output_out,layer_22_mlp_out,45,44,8.411674057295926e-8,0.0004101627495939697,-0.00020508137479698484
layer_23_mha_output_out,layer_23_mha_output_out,45,45,1.0,Inf,NaN
layer_23_mha_output_out,layer_23_mlp_out,45,46,0.40634509397522256,0.8463990767973094,-0.11949230974135133
layer_23_mha_output_out,layer_24_mha_output_out,45,47,0.01952551428975191,0.17399683888465847,-0.060754342629807986
layer_23_mha_output_out,layer_24_mlp_out,45,48,0.3518292026405927,0.7618242366619571,-0.10787410565569663
layer_23_mha_output_out,layer_25_mha_output_out,45,49,0.014178633674959418,0.1173539767127824,0.005279011890838663
layer_23_mha_output_out,layer_25_mlp_out,45,50,0.3855824747818012,0.8000727586453101,-0.042145912397503885
layer_23_mha_output_out,layer_26_mha_output_out,45,51,0.03574187600519507,0.22181494577679434,-0.05681441186295766
layer_23_mha_output_out,layer_26_mlp_out,45,52,0.4040227148846255,0.8497512688222199,-0.16135318739217977
layer_23_mha_output_out,layer_27_mha_output_out,45,53,0.02758684212297191,0.1821582070210174,-0.027188730094014287
layer_23_mha_output_out,layer_27_mlp_out,45,54,0.21279987618015783,0.6272280853908312,-0.2689478328671341
layer_23_mha_output_out,layer_28_mha_output_out,45,55,0.014852577000464273,0.16053486044675988,-0.06764044855731623
layer_23_mha_output_out,layer_28_mlp_out,45,56,-0.10348260129337894,0.5823764896895665,-0.6796654393566768
layer_23_mlp_out,layer_1_mha_output_out,46,1,0.0,0.0,NaN
layer_23_mlp_out,layer_1_mlp_out,46,2,0.0,0.0,NaN
layer_23_mlp_out,layer_2_mha_output_out,46,3,0.0,0.0,NaN
layer_23_mlp_out,layer_2_mlp_out,46,4,0.0,0.0,NaN
layer_23_mlp_out,layer_3_mha_output_out,46,5,0.0,0.0,NaN
layer_23_mlp_out,layer_3_mlp_out,46,6,0.0,0.0,NaN
layer_23_mlp_out,layer_4_mha_output_out,46,7,0.0,0.0,NaN
layer_23_mlp_out,layer_4_mlp_out,46,8,0.0,0.0,NaN
layer_23_mlp_out,layer_5_mha_output_out,46,9,0.0,0.0,NaN
layer_23_mlp_out,layer_5_mlp_out,46,10,0.0,0.0,NaN
layer_23_mlp_out,layer_6_mha_output_out,46,11,0.0,0.0,NaN
layer_23_mlp_out,layer_6_mlp_out,46,12,0.0,0.0,NaN
layer_23_mlp_out,layer_7_mha_output_out,46,13,0.0,0.0,NaN
layer_23_mlp_out,layer_7_mlp_out,46,14,0.0,0.0,NaN
layer_23_mlp_out,layer_8_mha_output_out,46,15,0.0,0.0,NaN
layer_23_mlp_out,layer_8_mlp_out,46,16,0.0,0.0,NaN
layer_23_mlp_out,layer_9_mha_output_out,46,17,0.0,0.0,NaN
layer_23_mlp_out,layer_9_mlp_out,46,18,0.0,0.0,NaN
layer_23_mlp_out,layer_10_mha_output_out,46,19,0.0,0.0,NaN
layer_23_mlp_out,layer_10_mlp_out,46,20,0.0,0.0,NaN
layer_23_mlp_out,layer_11_mha_output_out,46,21,0.0,0.0,NaN
layer_23_mlp_out,layer_11_mlp_out,46,22,0.0,0.0,NaN
layer_23_mlp_out,layer_12_mha_output_out,46,23,0.0,0.0,NaN
layer_23_mlp_out,layer_12_mlp_out,46,24,0.0,0.0,NaN
layer_23_mlp_out,layer_13_mha_output_out,46,25,0.0,0.0,NaN
layer_23_mlp_out,layer_13_mlp_out,46,26,0.0,0.0,NaN
layer_23_mlp_out,layer_14_mha_output_out,46,27,0.0,0.0,NaN
layer_23_mlp_out,layer_14_mlp_out,46,28,0.0,0.0,NaN
layer_23_mlp_out,layer_15_mha_output_out,46,29,0.0,0.0,NaN
layer_23_mlp_out,layer_15_mlp_out,46,30,0.0,0.0,NaN
layer_23_mlp_out,layer_16_mha_output_out,46,31,0.0,0.0,NaN
layer_23_mlp_out,layer_16_mlp_out,46,32,0.0,0.0,NaN
layer_23_mlp_out,layer_17_mha_output_out,46,33,0.0,0.0,NaN
layer_23_mlp_out,layer_17_mlp_out,46,34,0.0,0.0,NaN
layer_23_mlp_out,layer_18_mha_output_out,46,35,0.0,0.0,NaN
layer_23_mlp_out,layer_18_mlp_out,46,36,0.0,0.0,NaN
layer_23_mlp_out,layer_19_mha_output_out,46,37,0.0,0.0,NaN
layer_23_mlp_out,layer_19_mlp_out,46,38,0.0,0.0,NaN
layer_23_mlp_out,layer_20_mha_output_out,46,39,0.0,0.0,NaN
layer_23_mlp_out,layer_20_mlp_out,46,40,0.0,0.0,NaN
layer_23_mlp_out,layer_21_mha_output_out,46,41,0.0,0.0,NaN
layer_23_mlp_out,layer_21_mlp_out,46,42,0.0,0.0,NaN
layer_23_mlp_out,layer_22_mha_output_out,46,43,0.0,0.0,NaN
layer_23_mlp_out,layer_22_mlp_out,46,44,0.0,0.0,NaN
layer_23_mlp_out,layer_23_mha_output_out,46,45,0.0,0.0,NaN
layer_23_mlp_out,layer_23_mlp_out,46,46,1.0,Inf,NaN
layer_23_mlp_out,layer_24_mha_output_out,46,47,0.022965864514785106,0.17973765938125827,-0.05013841193407004
layer_23_mlp_out,layer_24_mlp_out,46,48,0.35739646756502597,0.7717207056981643,-0.11498352277178522
layer_23_mlp_out,layer_25_mha_output_out,46,49,0.017111205033821464,0.12269978429086184,0.01952377647413985
layer_23_mlp_out,layer_25_mlp_out,46,50,0.39003117768401496,0.8097804739086255,-0.05588098717365619
layer_23_mlp_out,layer_26_mha_output_out,46,51,0.030404657796595735,0.21228459455323315,-0.06665763231787519
layer_23_mlp_out,layer_26_mlp_out,46,52,0.40311295410195835,0.8525867749846401,-0.18622901492226243
layer_23_mlp_out,layer_27_mha_output_out,46,53,0.034468219541483824,0.17858891550969716,0.022092858687862822
layer_23_mlp_out,layer_27_mlp_out,46,54,0.20371791286869267,0.6178339490765367,-0.2737946075589186
layer_23_mlp_out,layer_28_mha_output_out,46,55,0.021463943157132293,0.1620433615260118,-0.02727824746223109
layer_23_mlp_out,layer_28_mlp_out,46,56,-0.0770598053813043,0.6050661780512357,-0.6750167840572787
layer_24_mha_output_out,layer_1_mha_output_out,47,1,-6.459071255626725e-8,0.0,NaN
layer_24_mha_output_out,layer_1_mlp_out,47,2,-6.459071255626725e-8,0.0,NaN
layer_24_mha_output_out,layer_2_mha_output_out,47,3,-6.459071255626725e-8,0.0,NaN
layer_24_mha_output_out,layer_2_mlp_out,47,4,-6.459071255626725e-8,0.0,NaN
layer_24_mha_output_out,layer_3_mha_output_out,47,5,-6.459071255626725e-8,0.0,NaN
layer_24_mha_output_out,layer_3_mlp_out,47,6,-6.459071255626725e-8,0.0,NaN
layer_24_mha_output_out,layer_4_mha_output_out,47,7,-6.459071255626725e-8,0.0,NaN
layer_24_mha_output_out,layer_4_mlp_out,47,8,-6.459071255626725e-8,0.0,NaN
layer_24_mha_output_out,layer_5_mha_output_out,47,9,-6.459071255626725e-8,0.0,NaN
layer_24_mha_output_out,layer_5_mlp_out,47,10,-6.459071255626725e-8,0.0,NaN
layer_24_mha_output_out,layer_6_mha_output_out,47,11,-6.459071255626725e-8,0.0,NaN
layer_24_mha_output_out,layer_6_mlp_out,47,12,-6.459071255626725e-8,0.0,NaN
layer_24_mha_output_out,layer_7_mha_output_out,47,13,-6.459071255626725e-8,0.0,NaN
layer_24_mha_output_out,layer_7_mlp_out,47,14,-6.459071255626725e-8,0.0,NaN
layer_24_mha_output_out,layer_8_mha_output_out,47,15,-6.459071255626725e-8,0.0,NaN
layer_24_mha_output_out,layer_8_mlp_out,47,16,-6.459071255626725e-8,0.0,NaN
layer_24_mha_output_out,layer_9_mha_output_out,47,17,-6.459071255626725e-8,0.0,NaN
layer_24_mha_output_out,layer_9_mlp_out,47,18,-6.459071255626725e-8,0.0,NaN
layer_24_mha_output_out,layer_10_mha_output_out,47,19,-6.459071255626725e-8,0.0,NaN
layer_24_mha_output_out,layer_10_mlp_out,47,20,-6.459071255626725e-8,0.0,NaN
layer_24_mha_output_out,layer_11_mha_output_out,47,21,-6.459071255626725e-8,0.0,NaN
layer_24_mha_output_out,layer_11_mlp_out,47,22,-6.459071255626725e-8,0.0,NaN
layer_24_mha_output_out,layer_12_mha_output_out,47,23,-6.459071255626725e-8,0.0,NaN
layer_24_mha_output_out,layer_12_mlp_out,47,24,-6.459071255626725e-8,0.0,NaN
layer_24_mha_output_out,layer_13_mha_output_out,47,25,-6.459071255626725e-8,0.0,NaN
layer_24_mha_output_out,layer_13_mlp_out,47,26,-6.459071255626725e-8,0.0,NaN
layer_24_mha_output_out,layer_14_mha_output_out,47,27,-6.459071255626725e-8,0.0,NaN
layer_24_mha_output_out,layer_14_mlp_out,47,28,-6.459071255626725e-8,0.0,NaN
layer_24_mha_output_out,layer_15_mha_output_out,47,29,-6.459071255626725e-8,0.0,NaN
layer_24_mha_output_out,layer_15_mlp_out,47,30,-6.459071255626725e-8,0.0,NaN
layer_24_mha_output_out,layer_16_mha_output_out,47,31,-6.459071255626725e-8,0.0,NaN
layer_24_mha_output_out,layer_16_mlp_out,47,32,-6.459071255626725e-8,0.0,NaN
layer_24_mha_output_out,layer_17_mha_output_out,47,33,-6.459071255626725e-8,0.0,NaN
layer_24_mha_output_out,layer_17_mlp_out,47,34,-6.459071255626725e-8,0.0,NaN
layer_24_mha_output_out,layer_18_mha_output_out,47,35,-6.459071255626725e-8,0.0,NaN
layer_24_mha_output_out,layer_18_mlp_out,47,36,-6.459071255626725e-8,0.0,NaN
layer_24_mha_output_out,layer_19_mha_output_out,47,37,-6.459071255626725e-8,0.0,NaN
layer_24_mha_output_out,layer_19_mlp_out,47,38,-6.459071255626725e-8,0.0,NaN
layer_24_mha_output_out,layer_20_mha_output_out,47,39,-6.459071255626725e-8,0.0,NaN
layer_24_mha_output_out,layer_20_mlp_out,47,40,-6.459071255626725e-8,0.0,NaN
layer_24_mha_output_out,layer_21_mha_output_out,47,41,-6.459071255626725e-8,0.0,NaN
layer_24_mha_output_out,layer_21_mlp_out,47,42,-6.459071255626725e-8,0.0,NaN
layer_24_mha_output_out,layer_22_mha_output_out,47,43,-6.459071255626725e-8,0.0,NaN
layer_24_mha_output_out,layer_22_mlp_out,47,44,-6.459071255626725e-8,0.0,NaN
layer_24_mha_output_out,layer_23_mha_output_out,47,45,-6.459071255626725e-8,0.0,NaN
layer_24_mha_output_out,layer_23_mlp_out,47,46,-6.459071255626725e-8,0.0,NaN
layer_24_mha_output_out,layer_24_mha_output_out,47,47,1.0,Inf,NaN
layer_24_mha_output_out,layer_24_mlp_out,47,48,0.3680487313673557,0.7853759812659918,-0.10493234855642716
layer_24_mha_output_out,layer_25_mha_output_out,47,49,0.017128294336260064,0.12381106706398817,0.017242464749775484
layer_24_mha_output_out,layer_25_mlp_out,47,50,0.3926876983500044,0.8133729097570704,-0.05210084110146913
layer_24_mha_output_out,layer_26_mha_output_out,47,51,0.03158950896977686,0.21437202690956172,-0.06430445866676868
layer_24_mha_output_out,layer_26_mlp_out,47,52,0.42421048511371384,0.8730830230589474,-0.11106809590152236
layer_24_mha_output_out,layer_27_mha_output_out,47,53,0.03591140272813087,0.18065746329402402,0.026516410618856866
layer_24_mha_output_out,layer_27_mlp_out,47,54,0.21332335880489617,0.6217850476171124,-0.254749758477318
layer_24_mha_output_out,layer_28_mha_output_out,47,55,0.022472723665042382,0.16276990053880555,-0.022038163313833146
layer_24_mha_output_out,layer_28_mlp_out,47,56,-0.07469890070482688,0.6058223682763563,-0.6737252214671573
layer_24_mlp_out,layer_1_mha_output_out,48,1,0.0,0.0,NaN
layer_24_mlp_out,layer_1_mlp_out,48,2,0.0,0.0,NaN
layer_24_mlp_out,layer_2_mha_output_out,48,3,0.0,0.0,NaN
layer_24_mlp_out,layer_2_mlp_out,48,4,0.0,0.0,NaN
layer_24_mlp_out,layer_3_mha_output_out,48,5,0.0,0.0,NaN
layer_24_mlp_out,layer_3_mlp_out,48,6,0.0,0.0,NaN
layer_24_mlp_out,layer_4_mha_output_out,48,7,0.0,0.0,NaN
layer_24_mlp_out,layer_4_mlp_out,48,8,0.0,0.0,NaN
layer_24_mlp_out,layer_5_mha_output_out,48,9,0.0,0.0,NaN
layer_24_mlp_out,layer_5_mlp_out,48,10,0.0,0.0,NaN
layer_24_mlp_out,layer_6_mha_output_out,48,11,0.0,0.0,NaN
layer_24_mlp_out,layer_6_mlp_out,48,12,0.0,0.0,NaN
layer_24_mlp_out,layer_7_mha_output_out,48,13,0.0,0.0,NaN
layer_24_mlp_out,layer_7_mlp_out,48,14,0.0,0.0,NaN
layer_24_mlp_out,layer_8_mha_output_out,48,15,0.0,0.0,NaN
layer_24_mlp_out,layer_8_mlp_out,48,16,0.0,0.0,NaN
layer_24_mlp_out,layer_9_mha_output_out,48,17,0.0,0.0,NaN
layer_24_mlp_out,layer_9_mlp_out,48,18,0.0,0.0,NaN
layer_24_mlp_out,layer_10_mha_output_out,48,19,0.0,0.0,NaN
layer_24_mlp_out,layer_10_mlp_out,48,20,0.0,0.0,NaN
layer_24_mlp_out,layer_11_mha_output_out,48,21,0.0,0.0,NaN
layer_24_mlp_out,layer_11_mlp_out,48,22,0.0,0.0,NaN
layer_24_mlp_out,layer_12_mha_output_out,48,23,0.0,0.0,NaN
layer_24_mlp_out,layer_12_mlp_out,48,24,0.0,0.0,NaN
layer_24_mlp_out,layer_13_mha_output_out,48,25,0.0,0.0,NaN
layer_24_mlp_out,layer_13_mlp_out,48,26,0.0,0.0,NaN
layer_24_mlp_out,layer_14_mha_output_out,48,27,0.0,0.0,NaN
layer_24_mlp_out,layer_14_mlp_out,48,28,0.0,0.0,NaN
layer_24_mlp_out,layer_15_mha_output_out,48,29,0.0,0.0,NaN
layer_24_mlp_out,layer_15_mlp_out,48,30,0.0,0.0,NaN
layer_24_mlp_out,layer_16_mha_output_out,48,31,0.0,0.0,NaN
layer_24_mlp_out,layer_16_mlp_out,48,32,0.0,0.0,NaN
layer_24_mlp_out,layer_17_mha_output_out,48,33,0.0,0.0,NaN
layer_24_mlp_out,layer_17_mlp_out,48,34,0.0,0.0,NaN
layer_24_mlp_out,layer_18_mha_output_out,48,35,0.0,0.0,NaN
layer_24_mlp_out,layer_18_mlp_out,48,36,0.0,0.0,NaN
layer_24_mlp_out,layer_19_mha_output_out,48,37,0.0,0.0,NaN
layer_24_mlp_out,layer_19_mlp_out,48,38,0.0,0.0,NaN
layer_24_mlp_out,layer_20_mha_output_out,48,39,0.0,0.0,NaN
layer_24_mlp_out,layer_20_mlp_out,48,40,0.0,0.0,NaN
layer_24_mlp_out,layer_21_mha_output_out,48,41,0.0,0.0,NaN
layer_24_mlp_out,layer_21_mlp_out,48,42,0.0,0.0,NaN
layer_24_mlp_out,layer_22_mha_output_out,48,43,0.0,0.0,NaN
layer_24_mlp_out,layer_22_mlp_out,48,44,0.0,0.0,NaN
layer_24_mlp_out,layer_23_mha_output_out,48,45,0.0,0.0,NaN
layer_24_mlp_out,layer_23_mlp_out,48,46,0.0,0.0,NaN
layer_24_mlp_out,layer_24_mha_output_out,48,47,0.0,0.0,NaN
layer_24_mlp_out,layer_24_mlp_out,48,48,1.0,Inf,NaN
layer_24_mlp_out,layer_25_mha_output_out,48,49,0.01953940565288692,0.13202582205871516,0.019305155579083487
layer_24_mlp_out,layer_25_mlp_out,48,50,0.35490428371612404,0.7563292292339502,-0.0642988873436717
layer_24_mlp_out,layer_26_mha_output_out,48,51,0.025508180042912332,0.19423048550422012,-0.06106173093559284
layer_24_mlp_out,layer_26_mlp_out,48,52,0.3941689773788112,0.8242919101015713,-0.1001152815845577
layer_24_mlp_out,layer_27_mha_output_out,48,53,0.03489148765720518,0.16796181589770717,0.04905657743460529
layer_24_mlp_out,layer_27_mlp_out,48,54,0.19078610605348123,0.5800978769694366,-0.22724916816855556
layer_24_mlp_out,layer_28_mha_output_out,48,55,0.019478257672711607,0.1547060820853714,-0.02683307519120577
layer_24_mlp_out,layer_28_mlp_out,48,56,-0.04185560485950135,0.6212450667184315,-0.6594205083127125
layer_25_mha_output_out,layer_1_mha_output_out,49,1,0.0,0.0,NaN
layer_25_mha_output_out,layer_1_mlp_out,49,2,0.0,0.0,NaN
layer_25_mha_output_out,layer_2_mha_output_out,49,3,0.0,0.0,NaN
layer_25_mha_output_out,layer_2_mlp_out,49,4,0.0,0.0,NaN
layer_25_mha_output_out,layer_3_mha_output_out,49,5,0.0,0.0,NaN
layer_25_mha_output_out,layer_3_mlp_out,49,6,0.0,0.0,NaN
layer_25_mha_output_out,layer_4_mha_output_out,49,7,0.0,0.0,NaN
layer_25_mha_output_out,layer_4_mlp_out,49,8,0.0,0.0,NaN
layer_25_mha_output_out,layer_5_mha_output_out,49,9,0.0,0.0,NaN
layer_25_mha_output_out,layer_5_mlp_out,49,10,0.0,0.0,NaN
layer_25_mha_output_out,layer_6_mha_output_out,49,11,0.0,0.0,NaN
layer_25_mha_output_out,layer_6_mlp_out,49,12,0.0,0.0,NaN
layer_25_mha_output_out,layer_7_mha_output_out,49,13,0.0,0.0,NaN
layer_25_mha_output_out,layer_7_mlp_out,49,14,0.0,0.0,NaN
layer_25_mha_output_out,layer_8_mha_output_out,49,15,0.0,0.0,NaN
layer_25_mha_output_out,layer_8_mlp_out,49,16,0.0,0.0,NaN
layer_25_mha_output_out,layer_9_mha_output_out,49,17,0.0,0.0,NaN
layer_25_mha_output_out,layer_9_mlp_out,49,18,0.0,0.0,NaN
layer_25_mha_output_out,layer_10_mha_output_out,49,19,0.0,0.0,NaN
layer_25_mha_output_out,layer_10_mlp_out,49,20,0.0,0.0,NaN
layer_25_mha_output_out,layer_11_mha_output_out,49,21,0.0,0.0,NaN
layer_25_mha_output_out,layer_11_mlp_out,49,22,0.0,0.0,NaN
layer_25_mha_output_out,layer_12_mha_output_out,49,23,0.0,0.0,NaN
layer_25_mha_output_out,layer_12_mlp_out,49,24,0.0,0.0,NaN
layer_25_mha_output_out,layer_13_mha_output_out,49,25,0.0,0.0,NaN
layer_25_mha_output_out,layer_13_mlp_out,49,26,0.0,0.0,NaN
layer_25_mha_output_out,layer_14_mha_output_out,49,27,0.0,0.0,NaN
layer_25_mha_output_out,layer_14_mlp_out,49,28,0.0,0.0,NaN
layer_25_mha_output_out,layer_15_mha_output_out,49,29,0.0,0.0,NaN
layer_25_mha_output_out,layer_15_mlp_out,49,30,0.0,0.0,NaN
layer_25_mha_output_out,layer_16_mha_output_out,49,31,0.0,0.0,NaN
layer_25_mha_output_out,layer_16_mlp_out,49,32,0.0,0.0,NaN
layer_25_mha_output_out,layer_17_mha_output_out,49,33,0.0,0.0,NaN
layer_25_mha_output_out,layer_17_mlp_out,49,34,0.0,0.0,NaN
layer_25_mha_output_out,layer_18_mha_output_out,49,35,0.0,0.0,NaN
layer_25_mha_output_out,layer_18_mlp_out,49,36,0.0,0.0,NaN
layer_25_mha_output_out,layer_19_mha_output_out,49,37,0.0,0.0,NaN
layer_25_mha_output_out,layer_19_mlp_out,49,38,0.0,0.0,NaN
layer_25_mha_output_out,layer_20_mha_output_out,49,39,0.0,0.0,NaN
layer_25_mha_output_out,layer_20_mlp_out,49,40,0.0,0.0,NaN
layer_25_mha_output_out,layer_21_mha_output_out,49,41,0.0,0.0,NaN
layer_25_mha_output_out,layer_21_mlp_out,49,42,0.0,0.0,NaN
layer_25_mha_output_out,layer_22_mha_output_out,49,43,0.0,0.0,NaN
layer_25_mha_output_out,layer_22_mlp_out,49,44,0.0,0.0,NaN
layer_25_mha_output_out,layer_23_mha_output_out,49,45,0.0,0.0,NaN
layer_25_mha_output_out,layer_23_mlp_out,49,46,0.0,0.0,NaN
layer_25_mha_output_out,layer_24_mha_output_out,49,47,0.0,0.0,NaN
layer_25_mha_output_out,layer_24_mlp_out,49,48,0.0,0.0,NaN
layer_25_mha_output_out,layer_25_mha_output_out,49,49,1.0,Inf,NaN
layer_25_mha_output_out,layer_25_mlp_out,49,50,0.35597365411367254,0.7568281348992548,-0.05925257888256029
layer_25_mha_output_out,layer_26_mha_output_out,49,51,0.02645636090971981,0.19685771816046788,-0.06045511090619658
layer_25_mha_output_out,layer_26_mlp_out,49,52,0.3948192791188271,0.8244635725005721,-0.09540370442086392
layer_25_mha_output_out,layer_27_mha_output_out,49,53,0.03491255725834308,0.16854401244607597,0.04782151230799488
layer_25_mha_output_out,layer_27_mlp_out,49,54,0.19296859970973568,0.5835851124365512,-0.22849603773308186
layer_25_mha_output_out,layer_28_mha_output_out,49,55,0.019449568065480705,0.1551310636097575,-0.027820972542438427
layer_25_mha_output_out,layer_28_mlp_out,49,56,-0.039421205250841584,0.6214128375351345,-0.6575081792007557
layer_25_mlp_out,layer_1_mha_output_out,50,1,7.111325528441625e-8,0.0003771293021094271,-0.00018856465105471354
layer_25_mlp_out,layer_1_mlp_out,50,2,7.111325528441625e-8,0.0003771293021094271,-0.00018856465105471354
layer_25_mlp_out,layer_2_mha_output_out,50,3,7.111325528441625e-8,0.0003771293021094271,-0.00018856465105471354
layer_25_mlp_out,layer_2_mlp_out,50,4,7.111325528441625e-8,0.0003771293021094271,-0.00018856465105471354
layer_25_mlp_out,layer_3_mha_output_out,50,5,7.111325528441625e-8,0.0003771293021094271,-0.00018856465105471354
layer_25_mlp_out,layer_3_mlp_out,50,6,7.111325528441625e-8,0.0003771293021094271,-0.00018856465105471354
layer_25_mlp_out,layer_4_mha_output_out,50,7,7.111325528441625e-8,0.0003771293021094271,-0.00018856465105471354
layer_25_mlp_out,layer_4_mlp_out,50,8,7.111325528441625e-8,0.0003771293021094271,-0.00018856465105471354
layer_25_mlp_out,layer_5_mha_output_out,50,9,7.111325528441625e-8,0.0003771293021094271,-0.00018856465105471354
layer_25_mlp_out,layer_5_mlp_out,50,10,7.111325528441625e-8,0.0003771293021094271,-0.00018856465105471354
layer_25_mlp_out,layer_6_mha_output_out,50,11,7.111325528441625e-8,0.0003771293021094271,-0.00018856465105471354
layer_25_mlp_out,layer_6_mlp_out,50,12,7.111325528441625e-8,0.0003771293021094271,-0.00018856465105471354
layer_25_mlp_out,layer_7_mha_output_out,50,13,7.111325528441625e-8,0.0003771293021094271,-0.00018856465105471354
layer_25_mlp_out,layer_7_mlp_out,50,14,7.111325528441625e-8,0.0003771293021094271,-0.00018856465105471354
layer_25_mlp_out,layer_8_mha_output_out,50,15,7.111325528441625e-8,0.0003771293021094271,-0.00018856465105471354
layer_25_mlp_out,layer_8_mlp_out,50,16,7.111325528441625e-8,0.0003771293021094271,-0.00018856465105471354
layer_25_mlp_out,layer_9_mha_output_out,50,17,7.111325528441625e-8,0.0003771293021094271,-0.00018856465105471354
layer_25_mlp_out,layer_9_mlp_out,50,18,7.111325528441625e-8,0.0003771293021094271,-0.00018856465105471354
layer_25_mlp_out,layer_10_mha_output_out,50,19,7.111325528441625e-8,0.0003771293021094271,-0.00018856465105471354
layer_25_mlp_out,layer_10_mlp_out,50,20,7.111325528441625e-8,0.0003771293021094271,-0.00018856465105471354
layer_25_mlp_out,layer_11_mha_output_out,50,21,7.111325528441625e-8,0.0003771293021094271,-0.00018856465105471354
layer_25_mlp_out,layer_11_mlp_out,50,22,7.111325528441625e-8,0.0003771293021094271,-0.00018856465105471354
layer_25_mlp_out,layer_12_mha_output_out,50,23,7.111325528441625e-8,0.0003771293021094271,-0.00018856465105471354
layer_25_mlp_out,layer_12_mlp_out,50,24,7.111325528441625e-8,0.0003771293021094271,-0.00018856465105471354
layer_25_mlp_out,layer_13_mha_output_out,50,25,7.111325528441625e-8,0.0003771293021094271,-0.00018856465105471354
layer_25_mlp_out,layer_13_mlp_out,50,26,7.111325528441625e-8,0.0003771293021094271,-0.00018856465105471354
layer_25_mlp_out,layer_14_mha_output_out,50,27,7.111325528441625e-8,0.0003771293021094271,-0.00018856465105471354
layer_25_mlp_out,layer_14_mlp_out,50,28,7.111325528441625e-8,0.0003771293021094271,-0.00018856465105471354
layer_25_mlp_out,layer_15_mha_output_out,50,29,7.111325528441625e-8,0.0003771293021094271,-0.00018856465105471354
layer_25_mlp_out,layer_15_mlp_out,50,30,7.111325528441625e-8,0.0003771293021094271,-0.00018856465105471354
layer_25_mlp_out,layer_16_mha_output_out,50,31,7.111325528441625e-8,0.0003771293021094271,-0.00018856465105471354
layer_25_mlp_out,layer_16_mlp_out,50,32,7.111325528441625e-8,0.0003771293021094271,-0.00018856465105471354
layer_25_mlp_out,layer_17_mha_output_out,50,33,7.111325528441625e-8,0.0003771293021094271,-0.00018856465105471354
layer_25_mlp_out,layer_17_mlp_out,50,34,7.111325528441625e-8,0.0003771293021094271,-0.00018856465105471354
layer_25_mlp_out,layer_18_mha_output_out,50,35,7.111325528441625e-8,0.0003771293021094271,-0.00018856465105471354
layer_25_mlp_out,layer_18_mlp_out,50,36,7.111325528441625e-8,0.0003771293021094271,-0.00018856465105471354
layer_25_mlp_out,layer_19_mha_output_out,50,37,7.111325528441625e-8,0.0003771293021094271,-0.00018856465105471354
layer_25_mlp_out,layer_19_mlp_out,50,38,7.111325528441625e-8,0.0003771293021094271,-0.00018856465105471354
layer_25_mlp_out,layer_20_mha_output_out,50,39,7.111325528441625e-8,0.0003771293021094271,-0.00018856465105471354
layer_25_mlp_out,layer_20_mlp_out,50,40,7.111325528441625e-8,0.0003771293021094271,-0.00018856465105471354
layer_25_mlp_out,layer_21_mha_output_out,50,41,7.111325528441625e-8,0.0003771293021094271,-0.00018856465105471354
layer_25_mlp_out,layer_21_mlp_out,50,42,7.111325528441625e-8,0.0003771293021094271,-0.00018856465105471354
layer_25_mlp_out,layer_22_mha_output_out,50,43,7.111325528441625e-8,0.0003771293021094271,-0.00018856465105471354
layer_25_mlp_out,layer_22_mlp_out,50,44,7.111325528441625e-8,0.0003771293021094271,-0.00018856465105471354
layer_25_mlp_out,layer_23_mha_output_out,50,45,7.111325528441625e-8,0.0003771293021094271,-0.00018856465105471354
layer_25_mlp_out,layer_23_mlp_out,50,46,7.111325528441625e-8,0.0003771293021094271,-0.00018856465105471354
layer_25_mlp_out,layer_24_mha_output_out,50,47,7.111325528441625e-8,0.0003771293021094271,-0.00018856465105471354
layer_25_mlp_out,layer_24_mlp_out,50,48,7.111325528441625e-8,0.0003771293021094271,-0.00018856465105471354
layer_25_mlp_out,layer_25_mha_output_out,50,49,7.111325528441625e-8,0.0003771293021094271,-0.00018856465105471354
layer_25_mlp_out,layer_25_mlp_out,50,50,1.0,Inf,NaN
layer_25_mlp_out,layer_26_mha_output_out,50,51,0.017304628420440893,0.17699298620001422,-0.07889038959590633
layer_25_mlp_out,layer_26_mlp_out,50,52,0.3186000417008129,0.7247894504891451,-0.1496568958257091
layer_25_mlp_out,layer_27_mha_output_out,50,53,0.025525320727892487,0.14181553403822605,0.04404233895870993
layer_25_mlp_out,layer_27_mlp_out,50,54,0.16206220191101228,0.5238920596770046,-0.191819657259717
layer_25_mlp_out,layer_28_mha_output_out,50,55,0.01570749582067399,0.14894809662245495,-0.04248705535795684
layer_25_mlp_out,layer_28_mlp_out,50,56,0.019653499241506056,0.6429731918895089,-0.6243096658091685
layer_26_mha_output_out,layer_1_mha_output_out,51,1,0.0,0.0,NaN
layer_26_mha_output_out,layer_1_mlp_out,51,2,0.0,0.0,NaN
layer_26_mha_output_out,layer_2_mha_output_out,51,3,0.0,0.0,NaN
layer_26_mha_output_out,layer_2_mlp_out,51,4,0.0,0.0,NaN
layer_26_mha_output_out,layer_3_mha_output_out,51,5,0.0,0.0,NaN
layer_26_mha_output_out,layer_3_mlp_out,51,6,0.0,0.0,NaN
layer_26_mha_output_out,layer_4_mha_output_out,51,7,0.0,0.0,NaN
layer_26_mha_output_out,layer_4_mlp_out,51,8,0.0,0.0,NaN
layer_26_mha_output_out,layer_5_mha_output_out,51,9,0.0,0.0,NaN
layer_26_mha_output_out,layer_5_mlp_out,51,10,0.0,0.0,NaN
layer_26_mha_output_out,layer_6_mha_output_out,51,11,0.0,0.0,NaN
layer_26_mha_output_out,layer_6_mlp_out,51,12,0.0,0.0,NaN
layer_26_mha_output_out,layer_7_mha_output_out,51,13,0.0,0.0,NaN
layer_26_mha_output_out,layer_7_mlp_out,51,14,0.0,0.0,NaN
layer_26_mha_output_out,layer_8_mha_output_out,51,15,0.0,0.0,NaN
layer_26_mha_output_out,layer_8_mlp_out,51,16,0.0,0.0,NaN
layer_26_mha_output_out,layer_9_mha_output_out,51,17,0.0,0.0,NaN
layer_26_mha_output_out,layer_9_mlp_out,51,18,0.0,0.0,NaN
layer_26_mha_output_out,layer_10_mha_output_out,51,19,0.0,0.0,NaN
layer_26_mha_output_out,layer_10_mlp_out,51,20,0.0,0.0,NaN
layer_26_mha_output_out,layer_11_mha_output_out,51,21,0.0,0.0,NaN
layer_26_mha_output_out,layer_11_mlp_out,51,22,0.0,0.0,NaN
layer_26_mha_output_out,layer_12_mha_output_out,51,23,0.0,0.0,NaN
layer_26_mha_output_out,layer_12_mlp_out,51,24,0.0,0.0,NaN
layer_26_mha_output_out,layer_13_mha_output_out,51,25,0.0,0.0,NaN
layer_26_mha_output_out,layer_13_mlp_out,51,26,0.0,0.0,NaN
layer_26_mha_output_out,layer_14_mha_output_out,51,27,0.0,0.0,NaN
layer_26_mha_output_out,layer_14_mlp_out,51,28,0.0,0.0,NaN
layer_26_mha_output_out,layer_15_mha_output_out,51,29,0.0,0.0,NaN
layer_26_mha_output_out,layer_15_mlp_out,51,30,0.0,0.0,NaN
layer_26_mha_output_out,layer_16_mha_output_out,51,31,0.0,0.0,NaN
layer_26_mha_output_out,layer_16_mlp_out,51,32,0.0,0.0,NaN
layer_26_mha_output_out,layer_17_mha_output_out,51,33,0.0,0.0,NaN
layer_26_mha_output_out,layer_17_mlp_out,51,34,0.0,0.0,NaN
layer_26_mha_output_out,layer_18_mha_output_out,51,35,0.0,0.0,NaN
layer_26_mha_output_out,layer_18_mlp_out,51,36,0.0,0.0,NaN
layer_26_mha_output_out,layer_19_mha_output_out,51,37,0.0,0.0,NaN
layer_26_mha_output_out,layer_19_mlp_out,51,38,0.0,0.0,NaN
layer_26_mha_output_out,layer_20_mha_output_out,51,39,0.0,0.0,NaN
layer_26_mha_output_out,layer_20_mlp_out,51,40,0.0,0.0,NaN
layer_26_mha_output_out,layer_21_mha_output_out,51,41,0.0,0.0,NaN
layer_26_mha_output_out,layer_21_mlp_out,51,42,0.0,0.0,NaN
layer_26_mha_output_out,layer_22_mha_output_out,51,43,0.0,0.0,NaN
layer_26_mha_output_out,layer_22_mlp_out,51,44,0.0,0.0,NaN
layer_26_mha_output_out,layer_23_mha_output_out,51,45,0.0,0.0,NaN
layer_26_mha_output_out,layer_23_mlp_out,51,46,0.0,0.0,NaN
layer_26_mha_output_out,layer_24_mha_output_out,51,47,0.0,0.0,NaN
layer_26_mha_output_out,layer_24_mlp_out,51,48,0.0,0.0,NaN
layer_26_mha_output_out,layer_25_mha_output_out,51,49,0.0,0.0,NaN
layer_26_mha_output_out,layer_25_mlp_out,51,50,0.0,0.0,NaN
layer_26_mha_output_out,layer_26_mha_output_out,51,51,1.0,Inf,NaN
layer_26_mha_output_out,layer_26_mlp_out,51,52,0.31284068032493106,0.7182711589910865,-0.1550015120091315
layer_26_mha_output_out,layer_27_mha_output_out,51,53,0.023060603074504415,0.13779492262894225,0.034320116098048706
layer_26_mha_output_out,layer_27_mlp_out,51,54,0.16338092026777273,0.5278648919706621,-0.19622933884669252
layer_26_mha_output_out,layer_28_mha_output_out,51,55,0.0183996898623211,0.15839387855350542,-0.04081738740785338
layer_26_mha_output_out,layer_28_mlp_out,51,56,0.022346766948131536,0.6455196666525488,-0.6243819667940427
layer_26_mlp_out,layer_1_mha_output_out,52,1,0.0,0.0,NaN
layer_26_mlp_out,layer_1_mlp_out,52,2,0.0,0.0,NaN
layer_26_mlp_out,layer_2_mha_output_out,52,3,0.0,0.0,NaN
layer_26_mlp_out,layer_2_mlp_out,52,4,0.0,0.0,NaN
layer_26_mlp_out,layer_3_mha_output_out,52,5,0.0,0.0,NaN
layer_26_mlp_out,layer_3_mlp_out,52,6,0.0,0.0,NaN
layer_26_mlp_out,layer_4_mha_output_out,52,7,0.0,0.0,NaN
layer_26_mlp_out,layer_4_mlp_out,52,8,0.0,0.0,NaN
layer_26_mlp_out,layer_5_mha_output_out,52,9,0.0,0.0,NaN
layer_26_mlp_out,layer_5_mlp_out,52,10,0.0,0.0,NaN
layer_26_mlp_out,layer_6_mha_output_out,52,11,0.0,0.0,NaN
layer_26_mlp_out,layer_6_mlp_out,52,12,0.0,0.0,NaN
layer_26_mlp_out,layer_7_mha_output_out,52,13,0.0,0.0,NaN
layer_26_mlp_out,layer_7_mlp_out,52,14,0.0,0.0,NaN
layer_26_mlp_out,layer_8_mha_output_out,52,15,0.0,0.0,NaN
layer_26_mlp_out,layer_8_mlp_out,52,16,0.0,0.0,NaN
layer_26_mlp_out,layer_9_mha_output_out,52,17,0.0,0.0,NaN
layer_26_mlp_out,layer_9_mlp_out,52,18,0.0,0.0,NaN
layer_26_mlp_out,layer_10_mha_output_out,52,19,0.0,0.0,NaN
layer_26_mlp_out,layer_10_mlp_out,52,20,0.0,0.0,NaN
layer_26_mlp_out,layer_11_mha_output_out,52,21,0.0,0.0,NaN
layer_26_mlp_out,layer_11_mlp_out,52,22,0.0,0.0,NaN
layer_26_mlp_out,layer_12_mha_output_out,52,23,0.0,0.0,NaN
layer_26_mlp_out,layer_12_mlp_out,52,24,0.0,0.0,NaN
layer_26_mlp_out,layer_13_mha_output_out,52,25,0.0,0.0,NaN
layer_26_mlp_out,layer_13_mlp_out,52,26,0.0,0.0,NaN
layer_26_mlp_out,layer_14_mha_output_out,52,27,0.0,0.0,NaN
layer_26_mlp_out,layer_14_mlp_out,52,28,0.0,0.0,NaN
layer_26_mlp_out,layer_15_mha_output_out,52,29,0.0,0.0,NaN
layer_26_mlp_out,layer_15_mlp_out,52,30,0.0,0.0,NaN
layer_26_mlp_out,layer_16_mha_output_out,52,31,0.0,0.0,NaN
layer_26_mlp_out,layer_16_mlp_out,52,32,0.0,0.0,NaN
layer_26_mlp_out,layer_17_mha_output_out,52,33,0.0,0.0,NaN
layer_26_mlp_out,layer_17_mlp_out,52,34,0.0,0.0,NaN
layer_26_mlp_out,layer_18_mha_output_out,52,35,0.0,0.0,NaN
layer_26_mlp_out,layer_18_mlp_out,52,36,0.0,0.0,NaN
layer_26_mlp_out,layer_19_mha_output_out,52,37,0.0,0.0,NaN
layer_26_mlp_out,layer_19_mlp_out,52,38,0.0,0.0,NaN
layer_26_mlp_out,layer_20_mha_output_out,52,39,0.0,0.0,NaN
layer_26_mlp_out,layer_20_mlp_out,52,40,0.0,0.0,NaN
layer_26_mlp_out,layer_21_mha_output_out,52,41,0.0,0.0,NaN
layer_26_mlp_out,layer_21_mlp_out,52,42,0.0,0.0,NaN
layer_26_mlp_out,layer_22_mha_output_out,52,43,0.0,0.0,NaN
layer_26_mlp_out,layer_22_mlp_out,52,44,0.0,0.0,NaN
layer_26_mlp_out,layer_23_mha_output_out,52,45,0.0,0.0,NaN
layer_26_mlp_out,layer_23_mlp_out,52,46,0.0,0.0,NaN
layer_26_mlp_out,layer_24_mha_output_out,52,47,0.0,0.0,NaN
layer_26_mlp_out,layer_24_mlp_out,52,48,0.0,0.0,NaN
layer_26_mlp_out,layer_25_mha_output_out,52,49,0.0,0.0,NaN
layer_26_mlp_out,layer_25_mlp_out,52,50,0.0,0.0,NaN
layer_26_mlp_out,layer_26_mha_output_out,52,51,0.0,0.0,NaN
layer_26_mlp_out,layer_26_mlp_out,52,52,1.0,Inf,NaN
layer_26_mlp_out,layer_27_mha_output_out,52,53,0.01572566855292623,0.11949076405236365,0.014448455670424264
layer_26_mlp_out,layer_27_mlp_out,52,54,0.14990198968054047,0.5011635085167169,-0.1812780244773712
layer_26_mlp_out,layer_28_mha_output_out,52,55,0.01999628297178435,0.15438070501739207,-0.02267469264080358
layer_26_mlp_out,layer_28_mlp_out,52,56,0.061473076368688595,0.6644450748118529,-0.6055291513776077
layer_27_mha_output_out,layer_1_mha_output_out,53,1,0.0,0.0,NaN
layer_27_mha_output_out,layer_1_mlp_out,53,2,0.0,0.0,NaN
layer_27_mha_output_out,layer_2_mha_output_out,53,3,0.0,0.0,NaN
layer_27_mha_output_out,layer_2_mlp_out,53,4,0.0,0.0,NaN
layer_27_mha_output_out,layer_3_mha_output_out,53,5,0.0,0.0,NaN
layer_27_mha_output_out,layer_3_mlp_out,53,6,0.0,0.0,NaN
layer_27_mha_output_out,layer_4_mha_output_out,53,7,0.0,0.0,NaN
layer_27_mha_output_out,layer_4_mlp_out,53,8,0.0,0.0,NaN
layer_27_mha_output_out,layer_5_mha_output_out,53,9,0.0,0.0,NaN
layer_27_mha_output_out,layer_5_mlp_out,53,10,0.0,0.0,NaN
layer_27_mha_output_out,layer_6_mha_output_out,53,11,0.0,0.0,NaN
layer_27_mha_output_out,layer_6_mlp_out,53,12,0.0,0.0,NaN
layer_27_mha_output_out,layer_7_mha_output_out,53,13,0.0,0.0,NaN
layer_27_mha_output_out,layer_7_mlp_out,53,14,0.0,0.0,NaN
layer_27_mha_output_out,layer_8_mha_output_out,53,15,0.0,0.0,NaN
layer_27_mha_output_out,layer_8_mlp_out,53,16,0.0,0.0,NaN
layer_27_mha_output_out,layer_9_mha_output_out,53,17,0.0,0.0,NaN
layer_27_mha_output_out,layer_9_mlp_out,53,18,0.0,0.0,NaN
layer_27_mha_output_out,layer_10_mha_output_out,53,19,0.0,0.0,NaN
layer_27_mha_output_out,layer_10_mlp_out,53,20,0.0,0.0,NaN
layer_27_mha_output_out,layer_11_mha_output_out,53,21,0.0,0.0,NaN
layer_27_mha_output_out,layer_11_mlp_out,53,22,0.0,0.0,NaN
layer_27_mha_output_out,layer_12_mha_output_out,53,23,0.0,0.0,NaN
layer_27_mha_output_out,layer_12_mlp_out,53,24,0.0,0.0,NaN
layer_27_mha_output_out,layer_13_mha_output_out,53,25,0.0,0.0,NaN
layer_27_mha_output_out,layer_13_mlp_out,53,26,0.0,0.0,NaN
layer_27_mha_output_out,layer_14_mha_output_out,53,27,0.0,0.0,NaN
layer_27_mha_output_out,layer_14_mlp_out,53,28,0.0,0.0,NaN
layer_27_mha_output_out,layer_15_mha_output_out,53,29,0.0,0.0,NaN
layer_27_mha_output_out,layer_15_mlp_out,53,30,0.0,0.0,NaN
layer_27_mha_output_out,layer_16_mha_output_out,53,31,0.0,0.0,NaN
layer_27_mha_output_out,layer_16_mlp_out,53,32,0.0,0.0,NaN
layer_27_mha_output_out,layer_17_mha_output_out,53,33,0.0,0.0,NaN
layer_27_mha_output_out,layer_17_mlp_out,53,34,0.0,0.0,NaN
layer_27_mha_output_out,layer_18_mha_output_out,53,35,0.0,0.0,NaN
layer_27_mha_output_out,layer_18_mlp_out,53,36,0.0,0.0,NaN
layer_27_mha_output_out,layer_19_mha_output_out,53,37,0.0,0.0,NaN
layer_27_mha_output_out,layer_19_mlp_out,53,38,0.0,0.0,NaN
layer_27_mha_output_out,layer_20_mha_output_out,53,39,0.0,0.0,NaN
layer_27_mha_output_out,layer_20_mlp_out,53,40,0.0,0.0,NaN
layer_27_mha_output_out,layer_21_mha_output_out,53,41,0.0,0.0,NaN
layer_27_mha_output_out,layer_21_mlp_out,53,42,0.0,0.0,NaN
layer_27_mha_output_out,layer_22_mha_output_out,53,43,0.0,0.0,NaN
layer_27_mha_output_out,layer_22_mlp_out,53,44,0.0,0.0,NaN
layer_27_mha_output_out,layer_23_mha_output_out,53,45,0.0,0.0,NaN
layer_27_mha_output_out,layer_23_mlp_out,53,46,0.0,0.0,NaN
layer_27_mha_output_out,layer_24_mha_output_out,53,47,0.0,0.0,NaN
layer_27_mha_output_out,layer_24_mlp_out,53,48,0.0,0.0,NaN
layer_27_mha_output_out,layer_25_mha_output_out,53,49,0.0,0.0,NaN
layer_27_mha_output_out,layer_25_mlp_out,53,50,0.0,0.0,NaN
layer_27_mha_output_out,layer_26_mha_output_out,53,51,0.0,0.0,NaN
layer_27_mha_output_out,layer_26_mlp_out,53,52,0.0,0.0,NaN
layer_27_mha_output_out,layer_27_mha_output_out,53,53,1.0,Inf,NaN
layer_27_mha_output_out,layer_27_mlp_out,53,54,0.1542033306730074,0.5059018932386365,-0.1779678398364487
layer_27_mha_output_out,layer_28_mha_output_out,53,55,0.020091628162690278,0.1444828087992744,-0.002626502024635605
layer_27_mha_output_out,layer_28_mlp_out,53,56,0.05849104483190826,0.6641323737613659,-0.6083854085213174
layer_27_mlp_out,layer_1_mha_output_out,54,1,0.0,0.0,NaN
layer_27_mlp_out,layer_1_mlp_out,54,2,0.0,0.0,NaN
layer_27_mlp_out,layer_2_mha_output_out,54,3,0.0,0.0,NaN
layer_27_mlp_out,layer_2_mlp_out,54,4,0.0,0.0,NaN
layer_27_mlp_out,layer_3_mha_output_out,54,5,0.0,0.0,NaN
layer_27_mlp_out,layer_3_mlp_out,54,6,0.0,0.0,NaN
layer_27_mlp_out,layer_4_mha_output_out,54,7,0.0,0.0,NaN
layer_27_mlp_out,layer_4_mlp_out,54,8,0.0,0.0,NaN
layer_27_mlp_out,layer_5_mha_output_out,54,9,0.0,0.0,NaN
layer_27_mlp_out,layer_5_mlp_out,54,10,0.0,0.0,NaN
layer_27_mlp_out,layer_6_mha_output_out,54,11,0.0,0.0,NaN
layer_27_mlp_out,layer_6_mlp_out,54,12,0.0,0.0,NaN
layer_27_mlp_out,layer_7_mha_output_out,54,13,0.0,0.0,NaN
layer_27_mlp_out,layer_7_mlp_out,54,14,0.0,0.0,NaN
layer_27_mlp_out,layer_8_mha_output_out,54,15,0.0,0.0,NaN
layer_27_mlp_out,layer_8_mlp_out,54,16,0.0,0.0,NaN
layer_27_mlp_out,layer_9_mha_output_out,54,17,0.0,0.0,NaN
layer_27_mlp_out,layer_9_mlp_out,54,18,0.0,0.0,NaN
layer_27_mlp_out,layer_10_mha_output_out,54,19,0.0,0.0,NaN
layer_27_mlp_out,layer_10_mlp_out,54,20,0.0,0.0,NaN
layer_27_mlp_out,layer_11_mha_output_out,54,21,0.0,0.0,NaN
layer_27_mlp_out,layer_11_mlp_out,54,22,0.0,0.0,NaN
layer_27_mlp_out,layer_12_mha_output_out,54,23,0.0,0.0,NaN
layer_27_mlp_out,layer_12_mlp_out,54,24,0.0,0.0,NaN
layer_27_mlp_out,layer_13_mha_output_out,54,25,0.0,0.0,NaN
layer_27_mlp_out,layer_13_mlp_out,54,26,0.0,0.0,NaN
layer_27_mlp_out,layer_14_mha_output_out,54,27,0.0,0.0,NaN
layer_27_mlp_out,layer_14_mlp_out,54,28,0.0,0.0,NaN
layer_27_mlp_out,layer_15_mha_output_out,54,29,0.0,0.0,NaN
layer_27_mlp_out,layer_15_mlp_out,54,30,0.0,0.0,NaN
layer_27_mlp_out,layer_16_mha_output_out,54,31,0.0,0.0,NaN
layer_27_mlp_out,layer_16_mlp_out,54,32,0.0,0.0,NaN
layer_27_mlp_out,layer_17_mha_output_out,54,33,0.0,0.0,NaN
layer_27_mlp_out,layer_17_mlp_out,54,34,0.0,0.0,NaN
layer_27_mlp_out,layer_18_mha_output_out,54,35,0.0,0.0,NaN
layer_27_mlp_out,layer_18_mlp_out,54,36,0.0,0.0,NaN
layer_27_mlp_out,layer_19_mha_output_out,54,37,0.0,0.0,NaN
layer_27_mlp_out,layer_19_mlp_out,54,38,0.0,0.0,NaN
layer_27_mlp_out,layer_20_mha_output_out,54,39,0.0,0.0,NaN
layer_27_mlp_out,layer_20_mlp_out,54,40,0.0,0.0,NaN
layer_27_mlp_out,layer_21_mha_output_out,54,41,0.0,0.0,NaN
layer_27_mlp_out,layer_21_mlp_out,54,42,0.0,0.0,NaN
layer_27_mlp_out,layer_22_mha_output_out,54,43,0.0,0.0,NaN
layer_27_mlp_out,layer_22_mlp_out,54,44,0.0,0.0,NaN
layer_27_mlp_out,layer_23_mha_output_out,54,45,0.0,0.0,NaN
layer_27_mlp_out,layer_23_mlp_out,54,46,0.0,0.0,NaN
layer_27_mlp_out,layer_24_mha_output_out,54,47,0.0,0.0,NaN
layer_27_mlp_out,layer_24_mlp_out,54,48,0.0,0.0,NaN
layer_27_mlp_out,layer_25_mha_output_out,54,49,0.0,0.0,NaN
layer_27_mlp_out,layer_25_mlp_out,54,50,0.0,0.0,NaN
layer_27_mlp_out,layer_26_mha_output_out,54,51,0.0,0.0,NaN
layer_27_mlp_out,layer_26_mlp_out,54,52,0.0,0.0,NaN
layer_27_mlp_out,layer_27_mha_output_out,54,53,0.0,0.0,NaN
layer_27_mlp_out,layer_27_mlp_out,54,54,1.0,Inf,NaN
layer_27_mlp_out,layer_28_mha_output_out,54,55,0.021467211022704547,0.13746761377983796,0.022616407748216525
layer_27_mlp_out,layer_28_mlp_out,54,56,0.0728586795492836,0.6607304725817655,-0.5880028508055601
layer_28_mha_output_out,layer_1_mha_output_out,55,1,0.0,0.0,NaN
layer_28_mha_output_out,layer_1_mlp_out,55,2,0.0,0.0,NaN
layer_28_mha_output_out,layer_2_mha_output_out,55,3,0.0,0.0,NaN
layer_28_mha_output_out,layer_2_mlp_out,55,4,0.0,0.0,NaN
layer_28_mha_output_out,layer_3_mha_output_out,55,5,0.0,0.0,NaN
layer_28_mha_output_out,layer_3_mlp_out,55,6,0.0,0.0,NaN
layer_28_mha_output_out,layer_4_mha_output_out,55,7,0.0,0.0,NaN
layer_28_mha_output_out,layer_4_mlp_out,55,8,0.0,0.0,NaN
layer_28_mha_output_out,layer_5_mha_output_out,55,9,0.0,0.0,NaN
layer_28_mha_output_out,layer_5_mlp_out,55,10,0.0,0.0,NaN
layer_28_mha_output_out,layer_6_mha_output_out,55,11,0.0,0.0,NaN
layer_28_mha_output_out,layer_6_mlp_out,55,12,0.0,0.0,NaN
layer_28_mha_output_out,layer_7_mha_output_out,55,13,0.0,0.0,NaN
layer_28_mha_output_out,layer_7_mlp_out,55,14,0.0,0.0,NaN
layer_28_mha_output_out,layer_8_mha_output_out,55,15,0.0,0.0,NaN
layer_28_mha_output_out,layer_8_mlp_out,55,16,0.0,0.0,NaN
layer_28_mha_output_out,layer_9_mha_output_out,55,17,0.0,0.0,NaN
layer_28_mha_output_out,layer_9_mlp_out,55,18,0.0,0.0,NaN
layer_28_mha_output_out,layer_10_mha_output_out,55,19,0.0,0.0,NaN
layer_28_mha_output_out,layer_10_mlp_out,55,20,0.0,0.0,NaN
layer_28_mha_output_out,layer_11_mha_output_out,55,21,0.0,0.0,NaN
layer_28_mha_output_out,layer_11_mlp_out,55,22,0.0,0.0,NaN
layer_28_mha_output_out,layer_12_mha_output_out,55,23,0.0,0.0,NaN
layer_28_mha_output_out,layer_12_mlp_out,55,24,0.0,0.0,NaN
layer_28_mha_output_out,layer_13_mha_output_out,55,25,0.0,0.0,NaN
layer_28_mha_output_out,layer_13_mlp_out,55,26,0.0,0.0,NaN
layer_28_mha_output_out,layer_14_mha_output_out,55,27,0.0,0.0,NaN
layer_28_mha_output_out,layer_14_mlp_out,55,28,0.0,0.0,NaN
layer_28_mha_output_out,layer_15_mha_output_out,55,29,0.0,0.0,NaN
layer_28_mha_output_out,layer_15_mlp_out,55,30,0.0,0.0,NaN
layer_28_mha_output_out,layer_16_mha_output_out,55,31,0.0,0.0,NaN
layer_28_mha_output_out,layer_16_mlp_out,55,32,0.0,0.0,NaN
layer_28_mha_output_out,layer_17_mha_output_out,55,33,0.0,0.0,NaN
layer_28_mha_output_out,layer_17_mlp_out,55,34,0.0,0.0,NaN
layer_28_mha_output_out,layer_18_mha_output_out,55,35,0.0,0.0,NaN
layer_28_mha_output_out,layer_18_mlp_out,55,36,0.0,0.0,NaN
layer_28_mha_output_out,layer_19_mha_output_out,55,37,0.0,0.0,NaN
layer_28_mha_output_out,layer_19_mlp_out,55,38,0.0,0.0,NaN
layer_28_mha_output_out,layer_20_mha_output_out,55,39,0.0,0.0,NaN
layer_28_mha_output_out,layer_20_mlp_out,55,40,0.0,0.0,NaN
layer_28_mha_output_out,layer_21_mha_output_out,55,41,0.0,0.0,NaN
layer_28_mha_output_out,layer_21_mlp_out,55,42,0.0,0.0,NaN
layer_28_mha_output_out,layer_22_mha_output_out,55,43,0.0,0.0,NaN
layer_28_mha_output_out,layer_22_mlp_out,55,44,0.0,0.0,NaN
layer_28_mha_output_out,layer_23_mha_output_out,55,45,0.0,0.0,NaN
layer_28_mha_output_out,layer_23_mlp_out,55,46,0.0,0.0,NaN
layer_28_mha_output_out,layer_24_mha_output_out,55,47,0.0,0.0,NaN
layer_28_mha_output_out,layer_24_mlp_out,55,48,0.0,0.0,NaN
layer_28_mha_output_out,layer_25_mha_output_out,55,49,0.0,0.0,NaN
layer_28_mha_output_out,layer_25_mlp_out,55,50,0.0,0.0,NaN
layer_28_mha_output_out,layer_26_mha_output_out,55,51,0.0,0.0,NaN
layer_28_mha_output_out,layer_26_mlp_out,55,52,0.0,0.0,NaN
layer_28_mha_output_out,layer_27_mha_output_out,55,53,0.0,0.0,NaN
layer_28_mha_output_out,layer_27_mlp_out,55,54,0.0,0.0,NaN
layer_28_mha_output_out,layer_28_mha_output_out,55,55,1.0,Inf,NaN
layer_28_mha_output_out,layer_28_mlp_out,55,56,0.07223394159684238,0.661766981935726,-0.5900559408195539
layer_28_mlp_out,layer_1_mha_output_out,56,1,0.0,0.0,NaN
layer_28_mlp_out,layer_1_mlp_out,56,2,0.0,0.0,NaN
layer_28_mlp_out,layer_2_mha_output_out,56,3,0.0,0.0,NaN
layer_28_mlp_out,layer_2_mlp_out,56,4,0.0,0.0,NaN
layer_28_mlp_out,layer_3_mha_output_out,56,5,0.0,0.0,NaN
layer_28_mlp_out,layer_3_mlp_out,56,6,0.0,0.0,NaN
layer_28_mlp_out,layer_4_mha_output_out,56,7,0.0,0.0,NaN
layer_28_mlp_out,layer_4_mlp_out,56,8,0.0,0.0,NaN
layer_28_mlp_out,layer_5_mha_output_out,56,9,0.0,0.0,NaN
layer_28_mlp_out,layer_5_mlp_out,56,10,0.0,0.0,NaN
layer_28_mlp_out,layer_6_mha_output_out,56,11,0.0,0.0,NaN
layer_28_mlp_out,layer_6_mlp_out,56,12,0.0,0.0,NaN
layer_28_mlp_out,layer_7_mha_output_out,56,13,0.0,0.0,NaN
layer_28_mlp_out,layer_7_mlp_out,56,14,0.0,0.0,NaN
layer_28_mlp_out,layer_8_mha_output_out,56,15,0.0,0.0,NaN
layer_28_mlp_out,layer_8_mlp_out,56,16,0.0,0.0,NaN
layer_28_mlp_out,layer_9_mha_output_out,56,17,0.0,0.0,NaN
layer_28_mlp_out,layer_9_mlp_out,56,18,0.0,0.0,NaN
layer_28_mlp_out,layer_10_mha_output_out,56,19,0.0,0.0,NaN
layer_28_mlp_out,layer_10_mlp_out,56,20,0.0,0.0,NaN
layer_28_mlp_out,layer_11_mha_output_out,56,21,0.0,0.0,NaN
layer_28_mlp_out,layer_11_mlp_out,56,22,0.0,0.0,NaN
layer_28_mlp_out,layer_12_mha_output_out,56,23,0.0,0.0,NaN
layer_28_mlp_out,layer_12_mlp_out,56,24,0.0,0.0,NaN
layer_28_mlp_out,layer_13_mha_output_out,56,25,0.0,0.0,NaN
layer_28_mlp_out,layer_13_mlp_out,56,26,0.0,0.0,NaN
layer_28_mlp_out,layer_14_mha_output_out,56,27,0.0,0.0,NaN
layer_28_mlp_out,layer_14_mlp_out,56,28,0.0,0.0,NaN
layer_28_mlp_out,layer_15_mha_output_out,56,29,0.0,0.0,NaN
layer_28_mlp_out,layer_15_mlp_out,56,30,0.0,0.0,NaN
layer_28_mlp_out,layer_16_mha_output_out,56,31,0.0,0.0,NaN
layer_28_mlp_out,layer_16_mlp_out,56,32,0.0,0.0,NaN
layer_28_mlp_out,layer_17_mha_output_out,56,33,0.0,0.0,NaN
layer_28_mlp_out,layer_17_mlp_out,56,34,0.0,0.0,NaN
layer_28_mlp_out,layer_18_mha_output_out,56,35,0.0,0.0,NaN
layer_28_mlp_out,layer_18_mlp_out,56,36,0.0,0.0,NaN
layer_28_mlp_out,layer_19_mha_output_out,56,37,0.0,0.0,NaN
layer_28_mlp_out,layer_19_mlp_out,56,38,0.0,0.0,NaN
layer_28_mlp_out,layer_20_mha_output_out,56,39,0.0,0.0,NaN
layer_28_mlp_out,layer_20_mlp_out,56,40,0.0,0.0,NaN
layer_28_mlp_out,layer_21_mha_output_out,56,41,0.0,0.0,NaN
layer_28_mlp_out,layer_21_mlp_out,56,42,0.0,0.0,NaN
layer_28_mlp_out,layer_22_mha_output_out,56,43,0.0,0.0,NaN
layer_28_mlp_out,layer_22_mlp_out,56,44,0.0,0.0,NaN
layer_28_mlp_out,layer_23_mha_output_out,56,45,0.0,0.0,NaN
layer_28_mlp_out,layer_23_mlp_out,56,46,0.0,0.0,NaN
layer_28_mlp_out,layer_24_mha_output_out,56,47,0.0,0.0,NaN
layer_28_mlp_out,layer_24_mlp_out,56,48,0.0,0.0,NaN
layer_28_mlp_out,layer_25_mha_output_out,56,49,0.0,0.0,NaN
layer_28_mlp_out,layer_25_mlp_out,56,50,0.0,0.0,NaN
layer_28_mlp_out,layer_26_mha_output_out,56,51,0.0,0.0,NaN
layer_28_mlp_out,layer_26_mlp_out,56,52,0.0,0.0,NaN
layer_28_mlp_out,layer_27_mha_output_out,56,53,0.0,0.0,NaN
layer_28_mlp_out,layer_27_mlp_out,56,54,0.0,0.0,NaN
layer_28_mlp_out,layer_28_mha_output_out,56,55,0.0,0.0,NaN
layer_28_mlp_out,layer_28_mlp_out,56,56,1.0,Inf,NaN
