{
    "A1": {
        "gradient": [
            [
                0.9551903
            ],
            [
                0.8415177
            ],
            [
                0.72030884
            ]
        ],
        "is_param": false,
        "value": [
            [
                1.2840555
            ],
            [
                1.684525
            ],
            [
                0.7072559
            ]
        ]
    },
    "H1": {
        "gradient": [
            [
                0.9551903
            ],
            [
                0.8415177
            ],
            [
                0.72030884
            ]
        ],
        "is_param": false,
        "value": [
            [
                1.2840555
            ],
            [
                1.684525
            ],
            [
                0.7072559
            ]
        ]
    },
    "W1": {
        "gradient": [
            [
                0.709005,
                0.62462974,
                0.5346605
            ],
            [
                0.86279845,
                0.7601209,
                0.65063614
            ]
        ],
        "is_param": true,
        "value": [
            [
                0.54012346,
                0.9285499,
                0.67166317
            ],
            [
                0.7786687,
                0.86848533,
                0.2252981
            ]
        ]
    },
    "W2": {
        "gradient": [
            [
                1.2840555
            ],
            [
                1.684525
            ],
            [
                0.7072559
            ]
        ],
        "is_param": true,
        "value": [
            [
                0.9551903
            ],
            [
                0.8415177
            ],
            [
                0.72030884
            ]
        ]
    },
    "X": {
        "gradient": [
            [
                1.7811167
            ],
            [
                1.6369069
            ]
        ],
        "is_param": false,
        "value": [
            [
                0.7422657
            ],
            [
                0.9032739
            ]
        ]
    },
    "Y": {
        "gradient": [
            [
                1.0
            ]
        ],
        "is_param": false,
        "value": [
            [
                4.1161304
            ]
        ]
    },
    "b1": {
        "gradient": [
            0.9551903,
            0.8415177,
            0.72030884
        ],
        "is_param": true,
        "value": [
            0.17978925,
            0.21081418,
            0.0051974654
        ]
    },
    "b2": {
        "gradient": [
            1.0
        ],
        "is_param": true,
        "value": [
            0.9626125
        ]
    }
}